,,,,Total,,,,,,,,,,Urban,,,,,,,,,,,,Non-urban,,,,,
year,region,region name,super region,Total Population,Sum (pop * conc),NO2 (pop weighted),NO2 (spatial average),Asthma,Percentage increase from 2000,pop contribution,exp contrinution,rate contribution,Asthma2,Urban Population,Urban Pop percent,Urban Sum (pop * conc),NO2 urban (pop weighted),NO2 urban (spatial average),Asthma urban,Asthma percent,Urban Percentage increase from 2000,urban pop contribution,urban exp contrinution,urban rate contribution,Asthma2 urban,rural Population,Sum rural (pop * conc),NO2 rural (pop weighted),NO2 rural (spatial average),Asthma rural,Asthma2 rural
2000,5,East Asia,"Southeast Asia, East Asia, and Oceania",1289388500,10485814000,8.132392991,2.354986,245428.38,0,0,0,0,233934.84,493131970,0.38245414,6009369600,12.18612859,10.39987,135056.28,0.55028795,0,0,0,0,149000.98,796256530,4476447000,5.621865355,2.2341523,110372.1,84933.86
2000,9,Southeast Asia,"Southeast Asia, East Asia, and Oceania",532025470,2244168000,4.218158954,1.1563172,99962.02,0,0,0,0,79129.2,175976700,0.330767435,1443748200,8.204200897,5.5642495,76184.164,0.762131097,0,0,0,0,73157,356048770,800420860,2.24806523,1.086461,23777.856,5972.2
2000,21,Oceania,"Southeast Asia, East Asia, and Oceania",6675508,5643361,0.845383003,0.56918734,118.897484,0,0,0,0,27.03779,303387.84,0.045447903,873077.5,2.877760361,2.8757892,42.703415,0.359161637,0,0,0,0,20.134449,6372120.16,4770284.5,0.748618102,0.5673152,76.194069,6.903341
2000,32,Central Asia,"Central Europe, Eastern Europe, and Central Asia",74242880,447888670,6.032749134,1.0206817,15646.118,0,0,0,0,13712.693,16574188,0.223242794,187252450,11.29783553,9.984299,6880.993,0.439789154,0,0,0,0,7641.1074,57668692,260636080,4.519542077,1.0056915,8765.125,6071.5856
2000,42,Central Europe,"Central Europe, Eastern Europe, and Central Asia",118997910,1074895200,9.032891418,5.3395815,40543.008,0,0,0,0,40900.67,29024780,0.243909998,405774940,13.98029339,12.556506,16114.438,0.397465279,0,0,0,0,19180.459,89973130,669120200,7.436889213,5.270836,24428.57,21720.211
2000,56,Eastern Europe,"Central Europe, Eastern Europe, and Central Asia",214296600,2205435600,10.29150999,1.1055334,66417.49,0,0,0,0,69742.12,86113050,0.401840487,1399609700,16.25316604,13.499098,42031.992,0.632845234,0,0,0,0,49613.758,128183550,805825540,6.286497292,1.0876807,24385.498,20128.362
2000,65,High-income Asia Pacific,High-income,171650830,1884844300,10.98068853,3.5503259,63751.312,0,0,0,0,69978.695,115996860,0.675772206,1597327000,13.7704331,10.454886,55086.863,0.864089872,0,0,0,0,64470.844,55653970,287516860,5.166151849,3.0814052,8664.449,5507.851
2000,70,Australasia,High-income,24011272,163239730,6.798462405,0.7924101,10757.613,0,0,0,0,9387.975,12931650,0.538565804,119205120,9.218090499,8.361795,8141.943,0.756854053,0,0,0,0,8065.6943,11079622,44034564,3.974374216,0.78477496,2615.67,1322.2807
2000,73,Western Europe,High-income,387043800,4489969700,11.60067594,4.145244,138692.61,0,0,0,0,155498.45,154459150,0.399074084,2427459300,15.71586597,14.194514,82018.055,0.591365719,0,0,0,0,99214.47,232584650,2062510600,8.867784697,4.0120335,56674.555,56283.98
2000,96,Southern Latin America,High-income,52550030,521464960,9.923209559,1.8841699,29858.607,0,0,0,0,31022.303,28237920,0.537353071,392012450,13.8824832,10.791304,22580.629,0.756251924,0,0,0,0,26602.77,24312110,129452584,5.324613289,1.8630872,7277.978,4419.533
2000,100,High-income North America,High-income,308194050,5251331000,17.03904083,2.4403923,444510.47,0,0,0,0,528716.9,156176640,0.506747745,3557538000,22.778938,19.995426,296943.7,0.668024085,0,0,0,0,364244.75,152017410,1693793700,11.14210339,2.3493798,147566.77,164472.15
2000,104,Caribbean,Latin America and Caribbean,36199028,189764050,5.242241587,1.2257472,18224.244,0,0,0,0,15464.114,12803662,0.353701818,121701120,9.505180627,7.3875184,12872.82,0.706356873,0,0,0,0,12874.408,23395366,68062936,2.909248609,1.1750416,5351.424,2589.706
2000,120,Andean Latin America,Latin America and Caribbean,43203320,329099260,7.617453011,1.548819,40144.973,0,0,0,0,39702.605,17394348,0.402616003,233594910,13.42935705,10.239656,30289.871,0.754512178,0,0,0,0,34806.906,25808972,95504470,3.700436809,1.5313616,9855.102,4895.699
2000,124,Central Latin America,Latin America and Caribbean,189835550,1698725600,8.948406134,1.691751,114299.15,0,0,0,0,116132.97,91058840,0.479672222,1318392800,14.47847128,10.8024025,90670.65,0.793274928,0,0,0,0,103351.96,98776710,380330850,3.850410183,1.6328516,23628.5,12781.01
2000,134,Tropical Latin America,Latin America and Caribbean,173363900,1413656200,8.154270872,1.2763963,157381.94,0,0,0,0,151247.84,92728280,0.534876523,1071625660,11.55662178,8.927317,122230.29,0.776647498,0,0,0,0,134492.44,80635620,342030430,4.241679174,1.2523768,35151.65,16755.4
2000,138,North Africa and Middle East,North Africa and Middle East,422152960,3079750100,7.295341717,1.2975769,183556.75,0,0,0,0,180269.36,151012270,0.357719321,1820847600,12.0576136,9.934057,111839.79,0.609292712,0,0,0,0,126576.61,271140690,1258902100,4.642984791,1.2573788,71716.96,53692.75
2000,159,South Asia,South Asia,1296044300,6404920300,4.941899208,2.5416145,84695.414,0,0,0,0,58771.37,381848830,0.294626372,3271173000,8.566670219,6.2328005,49972.7,0.590028405,0,0,0,0,47559.97,914195470,3133740500,3.427867018,2.4057763,34722.714,11211.4
2000,167,Central Sub-Saharan Africa,Sub-Saharan Africa,76413160,159323250,2.085023705,0.5056039,2835.0403,0,0,0,0,1780.8018,13811585,0.180748774,102115940,7.393499008,4.1235723,2240.1768,0.790174588,0,0,0,0,1753.6995,62601575,57207180,0.913829724,0.49972984,594.8635,27.1023
2000,174,Eastern Sub-Saharan Africa,Sub-Saharan Africa,229293400,435928540,1.901182241,0.73540395,21308.074,0,0,0,0,7518.1064,30780632,0.134241247,163988080,5.327638497,3.768657,11608.041,0.544771949,0,0,0,0,6484.2734,198512768,271940260,1.369888006,0.7264708,9700.033,1033.833
2000,192,Southern Sub-Saharan Africa,Sub-Saharan Africa,61568996,251338880,4.082231258,1.3452836,13188.23,0,0,0,0,7918.1187,22063184,0.358348933,148529550,6.732008852,6.072804,8914.188,0.675919968,0,0,0,0,7066.369,39505812,102809350,2.602385441,1.3295457,4274.042,851.7497
2000,199,Western Sub-Saharan Africa,Sub-Saharan Africa,247083550,722706240,2.924946804,0.6635214,38960.938,0,0,0,0,22200.408,60053784,0.243050515,399646850,6.654815457,4.8184605,26368.562,0.676794845,0,0,0,0,20082.545,187029766,323058850,1.727312486,0.64633423,12592.376,2117.863
2005,5,East Asia,"Southeast Asia, East Asia, and Oceania",1329511700,11115176000,8.360344629,2.2043192,187244.38,-23.70711977,-7.522369721,-0.970565916,-15.21418413,178273.56,523413000,0.393688149,6828296700,13.04571476,10.54488,111113.63,0.593415033,-17.72790573,-6.176145876,3.963660946,-15.5154208,121428.07,806098700,4286878000,5.318055965,2.079018,76130.75,56845.49
2005,9,Southeast Asia,"Southeast Asia, East Asia, and Oceania",555273600,2642895000,4.759626606,1.3072479,115694.29,15.73824739,-0.210917351,14.52176839,1.427396345,97117.48,191838190,0.345484082,1753431800,9.140160257,6.2267275,89095.8,0.770096778,16.94792634,1.726670136,13.81931164,1.401944564,88543.19,363435410,889463500,2.447377101,1.2291726,26598.49,8574.29
2005,21,Oceania,"Southeast Asia, East Asia, and Oceania",7498221.5,7609010,1.014775304,0.67016786,206.42026,73.61196642,13.43878853,64.00336894,-3.83019105,88.16215,336791.84,0.04491623,1000627,2.971054762,3.3325772,47.96162,0.232349383,12.31331265,8.490755317,6.836076494,-3.013519164,23.013449,7161429.66,6608382.5,0.922774196,0.6679932,158.45864,65.148701
2005,32,Central Asia,"Central Europe, Eastern Europe, and Central Asia",78585020,450279970,5.729844823,1.023945,13472.747,-13.89080026,-5.168755079,-6.895834067,-1.826211115,11071.843,17258828,0.219619821,182152860,10.55418479,9.198334,5754.4033,0.427114329,-16.37248723,-7.631705691,-7.067312805,-1.673468731,6158.006,61326192,268127180,4.372147874,1.0102742,7718.3437,4913.837
2005,42,Central Europe,"Central Europe, Eastern Europe, and Central Asia",117185100,866645500,7.395526394,4.317817,27292.1,-32.68358381,-10.87686265,-23.13238458,1.325663418,23260.684,28860706,0.246283068,330716160,11.45904608,10.116456,11356.416,0.416106346,-29.52645323,-11.46626975,-19.7566808,1.696497319,12591.394,88324394,535929150,6.067736508,4.262584,15935.684,10669.29
2005,56,Eastern Europe,"Central Europe, Eastern Europe, and Central Asia",210781630,2119091300,10.05349138,0.9787802,48982.113,-26.25118324,-11.41242347,-7.327644107,-7.511115654,49066.504,86196020,0.408935162,1414093200,16.40555098,13.015696,32646.701,0.666502505,-22.32892269,-10.51737829,-3.823755649,-7.987788753,37220.484,124585610,704997570,5.658739962,0.9614417,16335.412,11846.02
2005,65,High-income Asia Pacific,High-income,172931970,2762291200,15.97328244,5.0665426,78209.21,22.67858895,-8.328241944,42.06401168,-11.05718079,91600.03,117979640,0.682231516,2336889600,19.8075668,15.643804,66411.79,0.849155617,20.55830807,-7.949880843,39.15926618,-10.65107727,80657.47,54952330,425401700,7.741285947,4.3481913,11797.42,10942.56
2005,70,Australasia,High-income,24140252,156286770,6.4741151,0.639574,7653.145,-28.85833502,-4.749860928,-6.026724768,-18.08174933,6360.49,13011915,0.539013222,115373550,8.866761733,8.062639,5940.4966,0.776216392,-27.03834208,-4.58382689,-4.065953223,-18.38856196,5627.3555,11128337,40913184,3.676486792,0.63208634,1712.6484,733.1345
2005,73,Western Europe,High-income,396282050,4522024000,11.41112498,4.0984726,137455.98,-0.891633664,-1.111023372,-4.8677461,5.087135808,151273.56,159255220,0.401873413,2493162000,15.6551352,13.663568,82405.56,0.599505092,0.472463045,0.2177049,-0.504603619,0.759361765,98956.445,237026830,2028859600,8.559620023,3.970658,55050.42,52317.115
2005,96,Southern Latin America,High-income,55606108,498331230,8.961807397,1.7296505,27579.754,-7.632147742,0.38438042,-11.13429588,3.117767713,27074.15,29510152,0.530699829,372429200,12.62037552,9.948018,21127.998,0.766069124,-6.433084747,0.294952947,-9.896762042,3.168724348,23887.871,26095956,125901816,4.824571899,1.7101833,6451.756,3186.279
2005,100,High-income North America,High-income,322635400,5184725000,16.06991979,2.0090187,436548.56,-1.791163659,-0.041026024,-5.752552776,4.00241514,511432.7,163509330,0.5067929,3597834000,22.00384529,19.341413,300858.06,0.689174327,1.318216214,-0.167935407,-1.923544017,3.409695638,367937.44,159126070,1586893400,9.972554466,1.9190525,135690.5,143495.26
2005,104,Caribbean,Latin America and Caribbean,37916564,206156370,5.437105799,1.2984825,17924.824,-1.642976246,-1.690323849,-0.983671319,1.031018921,14560.192,13910558,0.366872853,133471000,9.594942201,7.75192,12920.4795,0.72081486,0.370233562,0.130828108,0.082139716,0.157265738,12731.35,24006006,72685350,3.027798543,1.2453765,5004.3445,1828.842
2005,120,Andean Latin America,Latin America and Caribbean,47122616,275517900,5.846829471,1.3045881,25564.166,-36.32038064,1.542911496,-27.13158441,-10.73170772,21610.488,19347794,0.410584039,189460900,9.792377364,7.7797294,19263.723,0.753543965,-36.40209627,1.495729894,-27.04741299,-10.85041317,19247.168,27774822,86057010,3.098382053,1.2915696,6300.443,2363.32
2005,124,Central Latin America,Latin America and Caribbean,206922240,1691782500,8.175933626,1.6365548,100135.99,-12.39130825,1.454775396,-7.402325378,-6.443758265,97580.74,99047100,0.478668219,1283996700,12.96349615,9.946646,78043.94,0.779379522,-13.92590656,0.900768276,-8.601539911,-6.225134929,85898.54,107875140,407784260,3.780150459,1.5827668,22092.05,11682.2
2005,134,Tropical Latin America,Latin America and Caribbean,183538960,1496936300,8.155959367,1.2495623,145474.94,-7.565671131,-1.521893566,-0.778265245,-5.26551232,138079.52,98912980,0.538920892,1141315300,11.53857967,8.784637,113643.97,0.781192761,-7.024707215,-1.09794178,-0.636198975,-5.29056646,122543.14,84625980,355621380,4.202271926,1.2259055,31830.97,15536.38
2005,138,North Africa and Middle East,North Africa and Middle East,452278000,3082611500,6.815744962,1.2265459,157926.25,-13.9632566,-2.46932973,-9.313114407,-2.180812458,144623.2,164818660,0.364418919,1887674800,11.45304057,9.191794,101323.086,0.641584828,-9.403365296,-0.932933264,-5.454700113,-3.015731919,108978.97,287459340,1194940200,4.156901633,1.1894695,56603.164,35644.23
2005,159,South Asia,South Asia,1408279800,6904111000,4.902513691,2.620074,81735.75,-3.494479642,4.004035943,-6.281587901,-1.216927684,52611.504,421339520,0.299187363,3450743600,8.189935755,6.073804,46728.836,0.571706212,-6.491272235,3.993844953,-9.048583829,-1.436533358,41430.74,986940280,3453362000,3.499058727,2.4929092,35006.914,11180.764
2005,167,Central Sub-Saharan Africa,Sub-Saharan Africa,86351816,177690880,2.057754987,0.5098953,2952.5632,4.145369644,82.48689114,-75.30033504,-11.33192574,1359.7358,17738164,0.205417382,113953970,6.424225754,3.759158,2307.4468,0.78150632,3.002887986,104.7304939,-98.18178299,-9.551598901,1319.7567,68613652,63736720,0.928921842,0.5046198,645.1164,39.9791
2005,174,Eastern Sub-Saharan Africa,Sub-Saharan Africa,262297360,515483650,1.965264347,0.7853261,26122.549,22.59460428,15.64624263,8.934445023,-1.986083371,9246.041,37643184,0.143513393,200864930,5.336023913,3.9367251,14263.01,0.546003761,22.87180929,20.50993929,4.430629426,-2.068759429,7635.4707,224654176,314618620,1.400457475,0.77604556,11859.539,1610.5703
2005,192,Southern Sub-Saharan Africa,Sub-Saharan Africa,65692670,336461440,5.121750113,1.4990752,9467.719,-28.21084406,1.578732939,22.64152427,-52.43110127,6914.8076,24403388,0.371478096,211560510,8.66930895,7.499798,6406.1377,0.676629471,-28.13548806,3.247527031,23.4491058,-54.83212089,5942.242,41289282,124901040,3.025023298,1.479099,3061.5813,972.5656
2005,199,Western Sub-Saharan Africa,Sub-Saharan Africa,286697300,919774500,3.208172871,0.7300517,52848.12,35.6438595,20.67261099,10.80203653,4.169211986,31111.629,73336940,0.2557992,511470980,6.974261266,5.215434,35067.133,0.663545515,32.98841628,21.86800745,6.969322177,4.151086652,27225.969,213360360,408303230,1.913678951,0.7114987,17780.987,3885.66
2010,5,East Asia,"Southeast Asia, East Asia, and Oceania",1375545300,14553038000,10.57983187,2.8168204,246665.34,0.504000393,-1.702870283,4.117582169,-1.910711493,258977.36,554968960,0.403453787,8785648000,15.83088178,12.920377,137414.62,0.557089294,1.746190551,-3.31069257,9.859995932,-4.803112811,160352.36,820576340,5767384600,7.028455878,2.6650188,109250.72,98625
2010,9,Southeast Asia,"Southeast Asia, East Asia, and Oceania",588150460,2904956400,4.939138193,1.3548927,116200.93,16.24507988,-0.860939148,15.48954818,1.616470852,97100.8,207373140,0.352585187,1922624600,9.271328968,6.419549,89108.04,0.766844465,16.96399267,2.377327057,11.55844917,3.028216443,87657.77,380777320,982331700,2.579806224,1.2745297,27092.89,9443.03
2010,21,Oceania,"Southeast Asia, East Asia, and Oceania",8498023,8672211,1.020497473,0.6605272,191.31544,60.90789608,21.73383213,53.80028318,-14.62621922,57.33048,373535.7,0.0439556,1137875.1,3.046228513,3.264206,49.77911,0.260193898,16.56938912,16.98241421,12.56303651,-12.97606161,23.0728,8124487.3,7534337.5,0.927361595,0.6584023,141.53633,34.25768
2010,32,Central Asia,"Central Europe, Eastern Europe, and Central Asia",83661510,509377760,6.088555657,1.0312331,14928.347,-4.587534109,-5.787845998,0.314151961,0.886159928,13047.578,18278046,0.218476167,213514620,11.68147952,9.868403,6597.0947,0.441917293,-4.125833292,-8.212428563,2.324721181,1.761874091,7384.8525,65383464,295863040,4.525043825,1.0164504,8331.2523,5662.7255
2010,42,Central Europe,"Central Europe, Eastern Europe, and Central Asia",115961750,838981900,7.234988261,4.217455,25708.1,-36.59054602,-16.17710849,-23.79127394,3.377836405,21692.922,28895468,0.249181027,320523070,11.09250316,9.858173,10703.3545,0.416341717,-33.57910155,-16.33997274,-20.83954121,3.600412405,11791.211,87066282,518458530,5.954756745,4.163725,15004.7455,9901.711
2010,56,Eastern Europe,"Central Europe, Eastern Europe, and Central Asia",207788690,1936185700,9.31805143,0.9750033,40997.31,-38.27332228,-13.17897692,-12.38080071,-12.71354465,40269.008,85663810,0.412264065,1268566400,14.80866191,11.886356,27037.355,0.659490952,-35.67434301,-11.86752998,-10.39833048,-13.40848255,30735.84,122124880,667618940,5.466690653,0.95928586,13959.955,9533.168
2010,65,High-income Asia Pacific,High-income,174500290,2587084300,14.82567336,4.7141805,61898.45,-2.906390381,-7.271485325,14.17750085,-9.812405907,72128.7,119682520,0.685858574,2192846300,18.32219358,13.972361,52929.336,0.855099538,-3.916590785,-8.413813483,15.42267787,-10.92545517,64239.24,54817770,394238050,7.191792917,4.085414,8969.114,7889.46
2010,70,Australasia,High-income,24281452,149830180,6.17056097,0.68022364,6317.9346,-41.27010704,-5.398294304,-10.12209966,-25.74971307,4952.9053,13093926,0.539256301,108692800,8.301009185,7.6784577,4818.872,0.76272901,-40.81422579,-5.060710511,-9.926478186,-25.8270371,4321.0186,11187526,41137350,3.677073019,0.6731652,1499.0626,631.8867
2010,73,Western Europe,High-income,406649540,4014351400,9.871771649,3.611306,117620.75,-15.19321037,0.783309247,-16.24018109,0.263661479,122501.08,164343550,0.404140504,2220212500,13.509581,11.878418,71306.26,0.60623878,-13.06028898,2.57570141,-13.99940949,-1.636580897,83512.86,242305990,1794138600,7.404433543,3.5006723,46314.49,38988.22
2010,96,Southern Latin America,High-income,59095960,598632900,10.12984475,1.9169772,34445.73,15.36281649,2.1826815,2.64628112,10.53385387,35645.76,31432320,0.531886105,445756200,14.18146036,11.227744,25922.469,0.752559722,14.79958774,1.65336075,2.87710317,10.26912382,30357.69,27663640,152876600,5.526264801,1.8949167,8523.261,5288.07
2010,100,High-income North America,High-income,338841150,3811167000,11.247651,1.6607155,398872.8,-10.26695052,3.012759272,-38.63007032,25.35036053,435705.62,171674530,0.506651952,2603678500,15.16636452,13.425189,278362.22,0.697872154,-6.257576773,2.863107689,-35.17566427,26.05497981,334302.47,167166620,1207486100,7.223248876,1.5996407,120510.58,101403.15
2010,104,Caribbean,Latin America and Caribbean,40313500,207464750,5.146284743,1.2624012,16485.494,-9.540862161,-2.449482978,-7.762013306,0.670634122,12882.387,14959808,0.371086807,135111250,9.031616582,7.1054068,12097.022,0.733797968,-6.026635966,1.598161271,-9.30721747,1.682420233,11607.797,25353692,72353450,2.853763862,1.2143188,4388.472,1274.59
2010,120,Andean Latin America,Latin America and Caribbean,51685196,393420580,7.611862012,1.5416566,35521.8,-11.51619407,5.411927422,-1.916659094,-15.0114624,34571.496,21610660,0.418120887,277469440,12.83947089,10.019211,26312.223,0.740734507,-13.13194104,5.333568389,-3.14270764,-15.32280179,29610.898,30074536,115951100,3.855457654,1.5245922,9209.577,4960.598
2010,124,Central Latin America,Latin America and Caribbean,227068340,1887886500,8.314177573,1.6294675,111605.77,-2.356430472,1.189291445,-3.796431463,0.250709546,111457.02,108240824,0.476688313,1431468300,13.22484666,10.209953,87217.19,0.781475635,-3.8087959,0.326970746,-4.941396323,0.805629677,97966.09,118827516,456417340,3.841007162,1.573828,24388.58,13490.93
2010,134,Tropical Latin America,Latin America and Caribbean,194947140,1657310000,8.501330155,1.2899027,142743.34,-9.301321359,-7.167566002,4.522946536,-6.656701893,138976.38,105662410,0.542005438,1265369300,11.97558621,9.209488,111224.836,0.779194574,-9.003868026,-6.643535056,4.320578424,-6.680911395,122481.25,89284730,391939840,4.389774601,1.26504,31518.504,16495.13
2010,138,North Africa and Middle East,North Africa and Middle East,491914430,3839853300,7.805937508,1.3035588,187006.4,1.879337044,-1.446220629,10.21510007,-6.889542399,183159.9,182634690,0.371273292,2409322200,13.1920294,10.345025,120107.13,0.642262136,7.392127614,2.888359499,10.44960476,-5.94583665,134663.14,309279740,1430529700,4.625358583,1.2614753,66899.27,48496.76
2010,159,South Asia,South Asia,1533633400,8911412000,5.810653315,2.976204,195078.12,130.3290235,8.052549167,31.22687721,91.0495971,149205.1,459517150,0.299626462,4558485500,9.920164024,7.2302566,106535.9,0.546119165,113.1882008,7.282277097,24.10550787,81.80041579,108491.72,1074116250,4352925700,4.052564795,2.8195155,88542.22,40713.38
2010,167,Central Sub-Saharan Africa,Sub-Saharan Africa,102186880,256116430,2.50635336,0.5347798,5431.491,91.58426072,98.66760661,11.99539812,-19.078744,3844.341,23020096,0.225274478,177566200,7.713529952,4.365101,4523.9736,0.832915603,101.9471677,113.9045783,6.569327704,-18.52673824,3750.0776,79166784,78550280,0.992212593,0.5285605,907.5174,94.2634
2010,174,Eastern Sub-Saharan Africa,Sub-Saharan Africa,302060400,629486850,2.083976748,0.7997653,31923.08,49.8168253,35.17519778,19.64685768,-5.005230157,12380.471,44845604,0.148465684,255578000,5.699064729,4.153765,17849.422,0.559138467,53.76773738,43.42405107,15.80118036,-5.457494045,10440.63,257214796,373909380,1.453685347,0.78988796,14073.658,1939.841
2010,192,Southern Sub-Saharan Africa,Sub-Saharan Africa,70374650,372746720,5.296604956,1.565109,7938.54,-39.80587236,4.774940918,21.83923329,-66.42004657,5785.191,27031972,0.384115189,235792200,8.722715457,7.6061635,5247.259,0.660985395,-41.13587239,7.554671211,20.69916793,-69.38971152,4858.191,43342678,136954340,3.15980337,1.5449971,2691.281,927
2010,199,Western Sub-Saharan Africa,Sub-Saharan Africa,333988580,1040970800,3.11678561,0.69648695,56656.234,45.41804409,40.34626123,6.254060422,-1.182277563,33924.723,87220770,0.261148959,589991900,6.764350968,4.936417,38065.254,0.67186347,44.35847507,41.90070426,3.858232436,-1.400461634,29597.602,246767810,450979100,1.827544281,0.6789476,18590.98,4327.121
2011,5,East Asia,"Southeast Asia, East Asia, and Oceania",1385577000,15763282000,11.37669144,3.0421586,274710.34,11.93095925,-8.213443797,26.90001655,-6.755613502,297528.3,561860350,0.405506406,9460180000,16.83724434,13.852746,150500.11,0.547850183,11.43510691,-5.961556742,24.29775008,-6.901086431,178497.95,823716650,6303083000,7.652003878,2.8797889,124210.23,119030.35
2011,9,Southeast Asia,"Southeast Asia, East Asia, and Oceania",595714300,2963729000,4.975084533,1.3157337,116605.75,16.65005369,-0.771527355,16.10823835,1.313342693,97911.73,212862480,0.357323099,1990249600,9.349931467,6.386058,90368.64,0.774993,18.61866726,2.780805086,13.16580179,2.672060383,89263.96,382851820,973478140,2.542702135,1.2353561,26237.11,8647.77
2011,21,Oceania,"Southeast Asia, East Asia, and Oceania",8726413,8487871,0.97266437,0.6190542,160.0047,34.57366348,24.56104895,25.16629415,-15.15367963,41.730755,382646.06,0.043849181,1216351.5,3.178790081,2.9003122,53.132664,0.332069395,24.4225175,21.552457,17.34783502,-14.47777453,27.7625,8343766.94,7271520,0.871491264,0.6169832,106.872036,13.968255
2011,32,Central Asia,"Central Europe, Eastern Europe, and Central Asia",84785940,526950270,6.215066673,1.0373935,15591.935,-0.346303153,-0.91607935,-0.108783616,0.678559813,13592.08,19016042,0.224282965,218746720,11.50327287,9.901422,6804.898,0.436437043,-1.105872365,-4.606792896,1.154233995,2.346686537,7575.537,65769898,308203260,4.686083898,1.0225683,8787.037,6016.543
2011,42,Central Europe,"Central Europe, Eastern Europe, and Central Asia",115853590,878063040,7.579074934,4.4148297,27349.84,-32.54116715,-16.71139787,-18.88610387,3.056334589,24127.902,28912028,0.2495566,335146720,11.59194782,10.362153,11287.427,0.412705413,-29.95457242,-16.72155664,-16.49748238,3.264466607,12716.244,86941562,542916350,6.244612329,4.358182,16062.413,11411.658
2011,56,Eastern Europe,"Central Europe, Eastern Europe, and Central Asia",207235820,1870431000,9.025616324,0.9531147,40236.85,-39.41829178,-12.45000077,-14.03299771,-12.93529329,39447.027,86572250,0.417747521,1222392700,14.11991371,11.479722,26614.664,0.661449989,-36.67998414,-10.59393536,-12.42206499,-13.66398379,30394.951,120663570,648040060,5.370635561,0.93795246,13622.186,9052.076
2011,65,High-income Asia Pacific,High-income,175029500,2617245700,14.95316904,4.8177547,62874.598,-1.375209345,-5.462434832,10.50559464,-6.418369148,73477.53,120372490,0.687726869,2212321800,18.37896516,14.011024,53517.52,0.851178722,-2.84885164,-7.997572927,14.31297584,-9.164254552,64988.48,54657010,404923620,7.408448065,4.196115,9357.078,8489.05
2011,70,Australasia,High-income,24310874,145852530,5.999477024,0.69600767,6109.166,-43.21076618,-4.800661534,-12.6946586,-25.71544604,4624.3496,13110272,0.539276046,105972024,8.08312932,7.384661,4690.384,0.767761753,-42.39232576,-4.462309515,-12.05303707,-25.87697918,4096.17,11200602,39880510,3.560568441,0.68926,1418.782,528.1796
2011,73,Western Europe,High-income,408617180,4100154600,10.0342198,3.6060317,119844.125,-13.59011486,1.015051409,-14.95114759,0.345981323,125899.42,165230060,0.404363957,2251618000,13.62716929,12.156129,72327.914,0.60351656,-11.81464374,3.081878203,-13.43664164,-1.459880304,85092.695,243387120,1848536600,7.595046936,3.4927266,47516.211,40806.725
2011,96,Southern Latin America,High-income,59910840,612514750,10.22377169,1.910039,35039.81,17.35246055,2.159385594,4.066076685,11.12699827,36273.08,31344818,0.523191095,452489950,14.43587741,11.357238,26146.91,0.746205816,15.79354145,0.548838184,4.341680381,10.90302288,30713.094,28566022,160024640,5.601922452,1.8876785,8892.9,5559.986
2011,100,High-income North America,High-income,342266270,3773902800,11.02621886,1.6666424,398000.62,-10.46316187,3.44130625,-40.55148815,26.64702003,432003.1,173405100,0.506638004,2565170200,14.792934,13.105617,276771.75,0.695405324,-6.79319009,3.392446404,-37.79313064,27.60749415,331301.06,168861170,1208737800,7.158174967,1.6073401,121228.87,100702.04
2011,104,Caribbean,Latin America and Caribbean,40873950,207835460,5.08479019,1.2440093,16313.955,-10.48213029,-1.112701895,-9.045626047,-0.323802345,12577.348,15290526,0.374089756,135505860,8.862079696,6.958841,12036.883,0.7378274,-6.493814098,3.245770667,-9.494628641,-0.244956124,11458.304,25583424,72329580,2.827204834,1.1970454,4277.072,1119.044
2011,120,Andean Latin America,Latin America and Caribbean,52744700,411088540,7.793930765,1.5540532,36711.3,-8.553182985,5.681488863,1.110764068,-15.34543592,36033.89,21941900,0.416001987,292769000,13.34291925,10.347515,27423.21,0.746996429,-9.464091148,5.261761887,1.047856969,-15.77371,31271.594,30802800,118319700,3.841199501,1.5363905,9288.09,4762.296
2011,124,Central Latin America,Latin America and Caribbean,231580670,1978057200,8.541547099,1.6252534,115779.81,1.295425207,1.898061216,-2.321971381,1.719335371,116833.3,110334210,0.476439635,1511996200,13.70378417,10.487484,91146.164,0.787237118,0.52444093,0.372766963,-3.087247365,3.238921332,103162.734,121246460,466061250,3.84391635,1.5679656,24633.646,13670.566
2011,134,Tropical Latin America,Latin America and Caribbean,197391060,1663415700,8.427006269,1.2934349,138749.94,-11.83871542,-7.919507925,3.661286959,-7.580494454,134526.75,107110500,0.542630958,1269834800,11.85537179,9.213121,108252.97,0.780201923,-11.43523426,-7.413827112,3.607601955,-7.629009105,119169.87,90280560,393581660,4.359539418,1.2685695,30496.97,15356.88
2011,138,North Africa and Middle East,North Africa and Middle East,501018460,3931255300,7.84652785,1.3098724,191146.11,4.13461232,1.14197652,5.563087051,-2.570451251,188117.1,186306000,0.371854562,2448489200,13.14229923,10.395049,121563.72,0.635972764,8.694517399,3.644704858,9.758070456,-4.708257916,136760.16,314712460,1482772200,4.711514123,1.2675838,69582.39,51356.94
2011,159,South Asia,South Asia,1561766400,9534294000,6.104814395,3.0531225,201627.23,138.0615673,9.424448847,40.80946434,87.82765412,161020.3,468505600,0.299984428,4963085000,10.59343794,7.5551205,111189.12,0.551458848,122.4997248,8.667500583,34.7890349,79.04318937,116574.6,1093260800,4571212300,4.181264251,2.8874469,90438.11,44445.7
2011,167,Central Sub-Saharan Africa,Sub-Saharan Africa,106264740,261936320,2.464941052,0.53292644,5879.963,107.403154,114.3255077,14.40148463,-21.32383833,4373.465,24026548,0.22610085,179998180,7.491637167,4.321262,4995.4,0.849563169,122.9913282,133.3790313,10.94952498,-21.33722813,4291.7695,82238192,81938110,0.996351063,0.52666736,884.563,81.6955
2011,174,Eastern Sub-Saharan Africa,Sub-Saharan Africa,310978100,650485700,2.091741187,0.797138,32483.475,52.44679083,38.02356854,20.11403649,-5.690814204,12484.564,46566776,0.149742943,269646660,5.790537442,4.1536894,18638.828,0.573794152,60.56824748,48.2720619,18.54864156,-6.252455982,10832.588,264411324,380839330,1.440329121,0.78719795,13844.647,1651.976
2011,192,Southern Sub-Saharan Africa,Sub-Saharan Africa,71383000,365690370,5.122933612,1.5524955,8173.904,-38.02122044,6.454873733,18.49251097,-62.96860514,5678.0767,27654930,0.387416192,230990960,8.352614163,7.3245273,5433.037,0.664680794,-39.05180147,9.415545371,17.11625532,-65.58360215,4853.1284,43728070,134699300,3.080385208,1.5332597,2740.867,824.9483
2011,199,Western Sub-Saharan Africa,Sub-Saharan Africa,344542200,1086711800,3.154074595,0.6907984,58717.902,50.70967234,44.39072822,7.766052008,-1.447107885,35037.773,90305810,0.262103771,624916200,6.919999942,5.0261965,40067.066,0.682365422,51.95013668,46.55968972,7.039721486,-1.649274529,31320.889,254236390,461795520,1.816402129,0.6728603,18650.836,3716.884
2012,5,East Asia,"Southeast Asia, East Asia, and Oceania",1395572000,15212419000,10.90049026,2.9617116,270282.84,10.12697065,-6.496570864,20.36197937,-3.738437859,288753.47,569952830,0.408400878,9118497000,15.99868712,13.150396,148009.02,0.547607906,9.590623998,-4.142427878,17.68694333,-3.953891458,173791.56,825619170,6093923000,7.3810338,2.808653,122273.82,114961.91
2012,9,Southeast Asia,"Southeast Asia, East Asia, and Oceania",603667650,3021335800,5.004965563,1.3528496,116679.234,16.72356561,0.33072376,15.54827565,0.844566201,97778.71,219235420,0.363172385,2018695000,9.20788712,6.4196286,89299.86,0.765344928,17.21577728,4.353981884,10.6804481,2.181347304,87531.16,384432230,1002640450,2.608107156,1.2724307,27379.374,10247.55
2012,21,Oceania,"Southeast Asia, East Asia, and Oceania",8941592,9156788,1.024066855,0.6524647,194.84238,63.87426667,31.38462757,50.14966047,-17.66002136,61.873558,391532.03,0.043787732,1178449.5,3.009841877,3.2421088,50.105873,0.25716106,17.33458085,21.9285077,10.63084519,-15.22477204,23.17718,8550059.97,7978339,0.933132519,0.65035063,144.736507,38.696378
2012,32,Central Asia,"Central Europe, Eastern Europe, and Central Asia",85928750,537773900,6.25836987,1.0911824,16079.246,2.768277729,-3.004139154,4.254969265,1.517447618,14622.434,19231646,0.223809214,227683620,11.83900848,10.101234,7120.4844,0.442836959,3.480477309,-1.325859575,2.898496599,1.907840285,8036.535,66697104,310089950,4.649226599,1.0761119,8958.7616,6585.899
2012,42,Central Europe,"Central Europe, Eastern Europe, and Central Asia",115801840,845060500,7.297470403,4.3052697,25826.988,-36.2973068,-15.20831194,-23.55154025,2.462545392,21992.822,29663788,0.256159902,319747360,10.77904683,9.6572,10611.305,0.410861112,-34.15032532,-14.23003221,-22.52915229,2.608859185,11602.759,86138052,525312860,6.098499418,4.2542915,15215.683,10390.063
2012,56,Eastern Europe,"Central Europe, Eastern Europe, and Central Asia",206701800,1837256300,8.888438804,0.9612828,39631.754,-40.32934096,-11.91981361,-15.11899845,-13.2905289,38755.14,86554040,0.418738685,1186690000,13.71039411,11.218101,25921.543,0.654059949,-38.32901615,-9.71532655,-14.65633917,-13.95735042,29474.6,120147760,650566400,5.414719342,0.9465103,13710.211,9280.54
2012,65,High-income Asia Pacific,High-income,174977800,2443710000,13.96582881,4.6306357,59580.62,-6.542127321,-9.567436095,14.61923587,-11.5939271,69396.65,123636780,0.706585521,2073582100,16.77156345,12.956059,51082.29,0.85736419,-7.269560803,-9.299994494,13.86766471,-11.83723102,61947.547,51341020,370127230,7.209191208,4.065217,8498.33,7449.103
2012,70,Australasia,High-income,24339744,134101050,5.509550552,0.67208076,5445.1836,-49.38297557,-4.258514208,-20.16359979,-24.96086158,3685.935,13125021,0.53924236,95884296,7.305458483,6.726742,4128.331,0.758161947,-49.295506,-3.879480496,-20.39787068,-25.01815482,3235.42,11214723,38216736,3.407728929,0.6659735,1316.8526,450.515
2012,73,Western Europe,High-income,410507100,3993617000,9.728496779,3.6258407,116910.02,-15.70566016,2.313568235,-18.36384933,0.344620935,121121.38,168311070,0.410007695,2185198800,12.98309612,11.582953,70584.875,0.603753853,-13.93983313,4.699470286,-17.33851683,-1.300786585,81935.72,242196030,1808418000,7.466753274,3.5194676,46325.145,39185.66
2012,96,Southern Latin America,High-income,60614156,613146430,10.11556492,1.8744843,35271.168,18.1273058,7.226887707,-0.703476108,11.60389421,36727.254,34149090,0.563384731,466765570,13.66846291,10.895853,27100.662,0.768351703,20.01730333,8.949576378,-0.510846073,11.57857302,31498.758,26465066,146381020,5.531103531,1.8531158,8170.506,5228.496
2012,100,High-income North America,High-income,345777000,3712281900,10.73605792,1.6765206,392762.44,-11.64157731,3.626425094,-43.06521344,27.79721104,423143.4,175181220,0.506630632,2488459500,14.20505862,12.707515,269599.7,0.686419251,-9.208479587,3.469861901,-41.0757974,28.39745591,320550.4,170595780,1223824100,7.173823995,1.6192533,123162.74,102593
2012,104,Caribbean,Latin America and Caribbean,41412092,210480350,5.082581918,1.2481579,16160.59,-11.32367411,1.056633174,-11.43643018,-0.943877109,12408.079,15679742,0.378627141,137520240,8.770567781,6.8817067,11908.253,0.736869941,-7.493051251,7.470274069,-13.77789375,-1.185431566,11207.186,25732350,72960100,2.835345392,1.201799,4252.337,1200.893
2012,120,Andean Latin America,Latin America and Caribbean,53797276,425733980,7.913671689,1.5455137,37831.57,-5.762621885,11.55914444,-1.157161379,-16.16460495,37511.777,24022816,0.446543353,311667420,12.97380873,10.149641,28897.158,0.763837134,-4.597949592,14.19727379,-1.614744607,-17.18047877,32533.209,29774460,114066536,3.831019471,1.5281745,8934.412,4978.568
2012,124,Central Latin America,Latin America and Caribbean,236166100,1959148000,8.295635995,1.638445,115565.94,1.108310954,6.337175812,-9.196507387,3.96764253,115755.92,115715810,0.489976377,1494153000,12.91226324,10.0971,90800.58,0.785703642,0.143298851,2.082758082,-4.112677327,1.886620394,101557.06,120450290,464994020,3.860464097,1.583653,24765.36,14198.86
2012,134,Tropical Latin America,Latin America and Caribbean,199893840,1690122900,8.455102468,1.322912,135783.95,-13.72329633,-8.321128252,4.244388201,-9.646556281,132226.88,108690680,0.543742018,1286529500,11.83661285,9.2349205,105468.13,0.776734879,-13.71358932,-7.828989669,3.80438005,-9.688979705,116163.15,91203160,403593000,4.425208513,1.2980725,30315.82,16063.73
2012,138,North Africa and Middle East,North Africa and Middle East,510112100,4089039000,8.01596159,1.3661821,201098.05,9.556336119,5.815482549,5.662570993,-1.921717422,201945.25,198197060,0.388536284,2596695000,13.10158183,10.479566,129926.3,0.646084335,16.17180254,12.51026533,7.402194175,-3.740656964,146988.25,311915040,1492337700,4.784436493,1.3237612,71171.75,54957
2012,159,South Asia,South Asia,1589667600,9530263000,5.995129422,3.076866,185282.11,118.7628601,11.33351049,35.30317956,72.12617001,147409.2,476949760,0.300031126,4842925000,10.15395206,7.4635887,100354.61,0.541631407,100.8188671,10.48051815,26.26605152,64.07229743,104006.5,1112717840,4687338000,4.212512671,2.9153605,84927.5,43402.7
2012,167,Central Sub-Saharan Africa,Sub-Saharan Africa,110697440,279018020,2.520546275,0.54757106,6287.8467,121.7903816,122.2069202,23.20585707,-23.62239563,5200.302,24160716,0.218259031,189412020,7.839669156,4.5201397,5401.03,0.858963371,141.0983812,144.460131,20.57456515,-23.93631502,5089.778,86536724,89605980,1.03546767,0.54112154,886.8167,110.524
2012,174,Eastern Sub-Saharan Africa,Sub-Saharan Africa,320270560,688749630,2.150524325,0.81761974,35196.168,65.17761296,44.84376152,27.25209371,-6.918242278,14948.121,48339880,0.15093451,288910460,5.976648266,4.2953076,20176.951,0.573271244,73.8187434,55.34121732,25.73172648,-7.25420039,12761.955,271930680,399838820,1.47037039,0.8073788,15019.217,2186.166
2012,192,Southern Sub-Saharan Africa,Sub-Saharan Africa,72414080,360293380,4.975460297,1.532478,9182.773,-30.37145242,7.240314348,15.53106935,-53.14283612,6241.1343,28257036,0.390214665,226076420,8.00071246,6.997183,6150.1104,0.669744357,-31.00762066,10.90129459,13.62775216,-55.53666741,5318.436,44157044,134217130,3.039540645,1.5142858,3032.6626,922.6983
2012,199,Western Sub-Saharan Africa,Sub-Saharan Africa,355506800,1158175500,3.257815322,0.7090985,63543.914,63.09646857,49.78424277,15.11238508,-1.800159282,40455.168,92134180,0.259162919,662581000,7.191478776,5.175527,42667.69,0.671467766,61.81272987,51.31982755,12.5621665,-2.069264176,35023.26,263372620,495594140,1.881722329,0.6906231,20876.224,5431.908
2013,5,East Asia,"Southeast Asia, East Asia, and Oceania",1406095500,14608509000,10.38941452,2.8572142,266671.4,8.655486379,-5.062789949,14.40201445,-0.683738125,279607.53,576314500,0.409868675,8777716000,15.23077417,12.494081,146871.9,0.550759849,8.74866389,-2.892797207,12.68234042,-1.040879318,170543.78,829781000,5830791000,7.026903484,2.7124453,119799.5,109063.75
2013,9,Southeast Asia,"Southeast Asia, East Asia, and Oceania",612084200,3112679700,5.085378286,1.3797554,119160.02,19.20529417,0.634626738,18.48423122,0.08643621,101212.94,224057580,0.366056794,2080041700,9.283514086,6.5134625,90847.87,0.762402272,19.24770875,5.086817927,12.76953783,1.391352995,89623.016,388026620,1032635970,2.661250329,1.298264,28312.15,11589.924
2013,21,Oceania,"Southeast Asia, East Asia, and Oceania",9183731,9632377,1.048852258,0.6785454,215.71658,81.43073574,36.08990141,64.72325955,-19.38242521,78.92608,399171.47,0.043465066,1181348.2,2.959500588,3.2389472,49.10322,0.2276284,14.98663514,24.80918935,6.296380623,-16.11893483,21.755056,8784559.53,8451027,0.962031957,0.6764517,166.61336,57.171024
2013,32,Central Asia,"Central Europe, Eastern Europe, and Central Asia",87113210,562214700,6.453839779,1.1067419,17112.71,9.37352,-0.210328453,7.805228557,1.778619897,15929.303,19909812,0.228551009,240952000,12.10217354,10.302477,7634.0083,0.446101658,10.94341035,2.650618689,5.964623891,2.328167767,8684.974,67203398,321262700,4.780453215,1.091361,9478.7017,7244.329
2013,42,Central Europe,"Central Europe, Eastern Europe, and Central Asia",115869050,826088300,7.129499206,4.2675786,24768.08,-38.9091209,-15.24979785,-25.43617881,1.776855757,20615.338,29712718,0.256433603,308090500,10.36897735,9.331242,10049.314,0.405736496,-37.63782516,-14.32012122,-25.19628912,1.878585181,10782.2705,86156332,517997630,6.012299015,4.219346,14718.766,9833.0675
2013,56,Eastern Europe,"Central Europe, Eastern Europe, and Central Asia",206197090,1832674600,8.887975092,0.9695708,39413.58,-40.65782974,-11.65175138,-15.36621935,-13.639859,38433,86304320,0.418552561,1183232000,13.70999737,11.148498,25709.447,0.652299208,-38.83362226,-9.151278639,-15.32667294,-14.35567068,29076.902,119892770,649443900,5.416872927,0.95490956,13704.133,9356.098
2013,65,High-income Asia Pacific,High-income,175624140,2367700000,13.48163185,4.536742,58398.176,-8.396903267,-10.77743325,13.31920117,-10.93867119,67623.39,124486480,0.708823286,2005746700,16.11216495,12.481885,50024.625,0.856612799,-9.189555775,-10.311834,12.1106,-10.98832177,60422.17,51137660,361953470,7.078021755,3.9971483,8373.551,7201.22
2013,70,Australasia,High-income,24368956,128828670,5.286589627,0.65974253,5084.2173,-52.73842534,-4.420425197,-23.57795412,-24.74004602,3227.686,13141244,0.539261674,91287980,6.946677194,6.4269924,3822.1846,0.751774437,-53.05562075,-4.034508173,-24.28776213,-24.73335045,2802.3682,11227712,37540670,3.343572582,0.6539251,1262.0327,425.3178
2013,73,Western Europe,High-income,412577470,3821677800,9.262933819,3.552165,111401.4,-19.67747957,2.699371107,-22.73893488,0.3620842,112419.09,169287740,0.410317461,2078604300,12.27852826,10.970503,67398.95,0.605009901,-17.82425223,5.235272832,-21.97713839,-1.082386677,76782.89,243289730,1743073500,7.164599591,3.4529047,44002.45,35636.2
2013,96,Southern Latin America,High-income,61419144,609666300,9.926323623,1.8763266,34960.97,17.08841608,8.015105985,-2.796706406,11.8700165,36166.332,34613656,0.563564611,461390530,13.32972541,10.702964,26743.56,0.764954748,18.43585048,9.476433983,-2.890941524,11.85035802,30894.992,26805488,148275730,5.531543764,1.8554176,8217.41,5271.34
2013,100,High-income North America,High-income,349371140,3576336600,10.23649692,1.6464456,376237.3,-15.35918153,3.470822437,-46.7973875,27.96738353,397340.47,176988450,0.5065915,2375252500,13.42038139,12.070763,256532.64,0.68183734,-13.60899726,3.231307363,-45.03653545,28.19623083,300799.06,172382690,1201081200,6.967527888,1.5923184,119704.66,96541.41
2013,104,Caribbean,Latin America and Caribbean,42028188,217587580,5.177182038,1.2505635,16397.494,-10.02373542,4.284290475,-12.25015148,-2.057874406,12657.782,16233973,0.386263928,142966300,8.806611912,6.908804,12061.817,0.735589048,-6.300119166,31.93338859,-32.17118593,-6.062321822,11347.662,25794215,74621200,2.892943243,1.2040012,4335.677,1310.12
2013,120,Andean Latin America,Latin America and Caribbean,54885424,431914300,7.869380767,1.5532975,37989.613,-5.368941212,12.65023649,-1.786317385,-16.23286032,37697.81,24457812,0.445615798,313212450,12.80623344,10.097372,28755.277,0.756924715,-5.066360302,14.9269786,-3.013304029,-16.98003487,32222.168,30427612,118701930,3.901125399,1.5360607,9234.336,5475.642
2013,124,Central Latin America,Latin America and Caribbean,241070560,1941586000,8.054015389,1.6349434,114349.67,0.044199804,0.389797783,-0.805432661,0.371435074,113432.85,117625280,0.487928845,1468004900,12.48035201,9.826967,89249.07,0.780492589,-1.567850236,2.630049262,-7.781734096,3.583834598,98954.914,123445280,473579230,3.836349434,1.5818609,25100.6,14477.936
2013,134,Tropical Latin America,Latin America and Caribbean,202463620,1720195600,8.496319487,1.3334477,132404.75,-15.87042961,-8.692526683,4.79327446,-11.97117738,129462.93,110185260,0.544222513,1307947500,11.87043984,9.292576,102633.04,0.775146209,-16.03305531,-8.194701415,4.161709364,-12.00006326,113135.92,92278360,412248260,4.467442421,1.3084619,29771.71,16327.01
2013,138,North Africa and Middle East,North Africa and Middle East,519922180,4223257900,8.122865426,1.3993334,208937.08,13.82696632,9.002844883,6.373931412,-1.549809976,210698.69,205586750,0.39541831,2689339600,13.08128856,10.553525,134896.45,0.645631929,20.61579336,17.00254927,7.097008795,-3.483764702,152520.88,314335430,1533916800,4.879872434,1.3567234,74040.63,58177.81
2013,159,South Asia,South Asia,1618168000,9604508000,5.935420797,3.103194,166516.31,96.60605237,12.22571695,31.15313618,53.22719924,131714,489191840,0.302312146,4840393000,9.894672405,7.4368567,89909.7,0.539945306,79.91763503,11.99742505,21.08825802,46.83195195,92151.13,1128976160,4764115500,4.219854828,2.9436202,76606.61,39562.87
2013,167,Central Sub-Saharan Africa,Sub-Saharan Africa,115482060,299035200,2.589451556,0.53979856,7258.9688,156.0446425,152.0441092,31.46978633,-27.46925311,6388.6323,25396324,0.219915751,208284590,8.201367647,4.5428557,6391.505,0.880497654,185.3125253,182.5246467,31.44253065,-28.65465204,6258.262,90085736,90750620,1.007380569,0.5332988,867.4638,130.3703
2013,174,Eastern Sub-Saharan Africa,Sub-Saharan Africa,329955230,713759360,2.163200626,0.82149386,36285.17,70.28836112,48.6780389,29.8600937,-8.249771484,16058.58,50150016,0.151990365,301469020,6.011344443,4.339452,20907.715,0.576205513,80.1140692,60.46729466,28.20273394,-8.555959391,13561.849,279805214,412289920,1.473489054,0.8111345,15377.455,2496.731
2013,192,Southern Sub-Saharan Africa,Sub-Saharan Africa,73475850,366413630,4.986857995,1.5400177,11005.093,-16.55367703,8.810017203,16.03356661,-41.39726084,7598.3096,28896374,0.393277165,229795460,7.952397765,6.9521585,7426.2373,0.674800049,-16.69193762,13.21317507,13.65785755,-43.56297023,6430.953,44579476,136618030,3.064594792,1.5220011,3578.8557,1167.3566
2013,199,Western Sub-Saharan Africa,Sub-Saharan Africa,366873150,1210362000,3.299129413,0.7161765,66947.984,71.83360421,55.55665439,18.37460057,-2.097650741,44032.586,95778720,0.261067674,692498800,7.230194766,5.2001567,44491.492,0.664568062,68.72930727,56.90728093,14.17615623,-2.354129889,37068.656,271094430,517863200,1.910268684,0.6976286,22456.492,6963.93
2014,5,East Asia,"Southeast Asia, East Asia, and Oceania",1416784400,13739987000,9.698008391,2.709939,259574.16,5.763709967,-3.062652183,6.630106268,2.196255883,263750,583972400,0.412181557,8314677000,14.23813351,11.610283,145366.03,0.560017338,7.63366946,-1.313692292,6.819015597,2.128346155,166052.56,832812000,5425307000,6.514443836,2.5762315,114208.13,97697.44
2014,9,Southeast Asia,"Southeast Asia, East Asia, and Oceania",620554100,3172867600,5.112958886,1.3807,121123.23,21.16925008,1.078804171,20.691661,-0.601215093,103684.03,229956020,0.370565628,2128902900,9.257869831,6.494212,92607.06,0.764568944,21.55683693,6.070862806,14.85731807,0.628656051,91691.695,390598080,1043967100,2.672739968,1.2995337,28516.17,11992.335
2014,21,Oceania,"Southeast Asia, East Asia, and Oceania",9418842,10243886,1.087595057,0.691562,233.79166,96.63297501,42.6038487,75.37395754,-21.34483123,85.857185,410867.28,0.043621847,1216481.6,2.960765335,3.3384953,50.453815,0.215806736,18.14936815,24.57227374,8.965397207,-15.3883028,23.133371,9007974.72,9027408,1.002157342,0.6893975,183.337845,62.723814
2014,32,Central Asia,"Central Europe, Eastern Europe, and Central Asia",88337630,574329340,6.501525341,1.106272,17660.295,12.87333382,0.15691378,10.56883854,2.147581496,16669.744,19729688,0.223344095,244125620,12.3735165,10.511021,7812.533,0.442378397,13.53787164,2.300512289,8.53682955,2.700529803,8962.542,68607942,330203520,4.812905188,1.0905417,9847.762,7707.202
2014,42,Central Europe,"Central Europe, Eastern Europe, and Central Asia",116103940,833082500,7.175316359,4.2748947,24648.701,-39.20357118,-15.49103751,-25.04142207,1.328888394,20633.781,29915118,0.257658078,312104740,10.43301049,9.412571,10033.337,0.407053378,-37.73697227,-14.3819312,-24.81501671,1.459975629,10798.282,86188822,520977760,6.044609358,4.225956,14615.364,9835.499
2014,56,Eastern Europe,"Central Europe, Eastern Europe, and Central Asia",205715630,1866604900,9.073714525,0.98327637,40070.34,-39.66899381,-10.71965144,-14.82489263,-14.12444974,39177.355,86796330,0.421923847,1217687000,14.02924525,11.281595,26310.174,0.656599719,-37.40440853,-7.908570805,-14.56897797,-14.92685975,29725.703,118919300,648917900,5.456792127,0.96844345,13760.166,9451.652
2014,65,High-income Asia Pacific,High-income,175976770,2394459000,13.60667661,4.6033964,59272.22,-7.025882071,-11.4463646,13.87787591,-9.457393381,68589.836,124436140,0.707116854,2025854600,16.28027517,12.565519,50649.523,0.854523806,-8.055169161,-11.20643176,12.68247193,-9.531209332,61143.004,51540630,368605000,7.151736407,4.06265,8622.697,7446.832
2014,70,Australasia,High-income,24402372,127515410,5.225533403,0.65813166,4953.22,-53.9561425,-4.683037435,-24.46118107,-24.811924,3081.5305,13159746,0.539281427,89987304,6.838073014,6.351603,3706.789,0.748359451,-54.47291881,-4.274127456,-25.44501648,-24.75377487,2657.7197,11242626,37528064,3.338015869,0.6523885,1246.431,423.8108
2014,73,Western Europe,High-income,414708580,3715073000,8.958273783,3.493925,107442.53,-22.53189986,2.984281761,-26.03739124,0.521209616,106246.41,170325500,0.4107113,2019288400,11.85546733,10.595856,65331.33,0.608058373,-20.34518497,5.76773109,-25.37441347,-0.738502595,73497.67,244383080,1695783800,6.939039315,3.3986614,42111.2,32748.74
2014,96,Southern Latin America,High-income,62279560,620842300,9.96863658,1.900095,35335.293,18.342068,7.798671156,-1.615602871,12.15899972,36679.867,34763292,0.5581814,468390750,13.47371676,10.827081,26957.871,0.7629163,19.38494273,9.180909915,-1.903405508,12.10743832,31245.32,27516268,152452720,5.540457739,1.8789344,8377.422,5434.547
2014,100,High-income North America,High-income,353055300,3467171800,9.820477982,1.6343421,361839.75,-18.59814911,3.422813124,-49.91312341,27.89216118,374717.34,178840940,0.506552203,2288670700,12.7972415,11.572726,245857.2,0.679464321,-17.204103,3.137000405,-48.28751383,27.94641042,284578.34,174214360,1178502500,6.764669112,1.5827398,115982.55,90139
2014,104,Caribbean,Latin America and Caribbean,42701932,223462540,5.233077979,1.2496754,16586.828,-8.984822635,8.044884959,-12.94163177,-4.08807582,12894.003,16501466,0.38643371,147090660,8.913793478,6.9533677,12186.685,0.734720647,-5.330106379,32.02699872,-19.04136869,-7.655523657,11528.26,26200466,76371930,2.914907315,1.2027395,4400.143,1365.743
2014,120,Andean Latin America,Latin America and Caribbean,55999716,445242700,7.950802822,1.5592583,38942.3,-2.995824658,13.68262724,-0.482836855,-16.19561504,38845.434,25026788,0.446909195,322832640,12.89948355,10.208466,29445.518,0.75613197,-2.787575424,16.19409045,-1.81973754,-17.16192833,33074.83,30972928,122409816,3.952155121,1.5418046,9496.782,5770.604
2014,124,Central Latin America,Latin America and Caribbean,246128300,1936829600,7.869186924,1.6314594,114304.47,0.004654453,0.053534777,-0.113293152,0.055103922,112530.57,120619810,0.490068838,1456730900,12.07704522,9.612633,88927.37,0.77798681,-1.922650825,3.71955589,-10.71038058,5.068173869,97925.125,125508490,480099870,3.825238197,1.5797338,25377.1,14605.445
2014,134,Tropical Latin America,Latin America and Caribbean,205089650,1729922700,8.434958566,1.3328961,128245.46,-18.51322966,-8.986608694,4.157645143,-13.68426611,125101.59,111690140,0.544591792,1309467400,11.72410922,9.261749,98909.04,0.771247887,-19.07976329,-8.459864854,3.084677995,-13.70457643,108748.41,93399510,420454880,4.501681861,1.3080031,29336.42,16353.18
2014,138,North Africa and Middle East,North Africa and Middle East,530493100,4347639300,8.195468141,1.4256694,216645.06,18.02620171,10.6616689,8.165861768,-0.801328959,219565.02,208008850,0.392104723,2747255300,13.20739622,10.705252,138928.97,0.641274581,24.22141529,18.28036252,8.543438941,-2.60238617,157518.61,322484250,1600383000,4.96267027,1.3824762,77716.09,62046.41
2014,159,South Asia,South Asia,1647347600,9717811000,5.899065261,3.1071606,151024.88,78.31529816,12.86313573,28.05755104,37.39461138,118963.59,494981630,0.30047188,4867385300,9.833466547,7.37711,81420.39,0.539119051,62.92973964,11.72381374,18.80615851,32.39976738,83061.234,1152365970,4850432500,4.209107719,2.9498944,69604.49,35902.356
2014,167,Central Sub-Saharan Africa,Sub-Saharan Africa,120677880,329102370,2.727114281,0.54142326,8718.562,207.5286796,190.3262344,50.29170233,-33.08925714,8029.567,27023118,0.223927683,232458640,8.602213853,4.7227044,7694.777,0.882574099,243.4897192,227.3953555,50.43870332,-34.34433963,7836.921,93654762,96643656,1.031913956,0.5346343,1023.785,192.646
2014,174,Eastern Sub-Saharan Africa,Sub-Saharan Africa,340066200,748714600,2.201673086,0.833218,37927.082,77.99394727,52.55088756,34.75050658,-9.307446867,17414.871,51528800,0.151525791,317872300,6.168827918,4.4435,21827.303,0.575507048,88.03606052,64.89315036,32.85114386,-9.708233707,14622.355,288537400,430841920,1.493192633,0.82258606,16099.779,2792.516
2014,192,Southern Sub-Saharan Africa,Sub-Saharan Africa,74564560,381327650,5.114060218,1.5556372,13374.576,1.412972021,137.8219248,241.4598612,-377.8688139,9584.264,29519214,0.395887993,239605340,8.116928181,7.094326,9071.194,0.678241613,1.761304563,40.95383618,42.23958532,-81.43211694,8056.2656,45045346,141722220,3.146212264,1.5371999,4303.382,1527.9984
2014,199,Western Sub-Saharan Africa,Sub-Saharan Africa,378681280,1280900600,3.382529498,0.7184887,71233.914,82.83418638,62.07560155,23.22787934,-2.469294507,48510.42,99975690,0.26401012,742064060,7.422444996,5.2975693,47692.016,0.669512783,80.86695816,64.27322883,19.27180308,-2.678073748,40638.95,278705590,538836700,1.933354476,0.6995479,23541.898,7871.47
2015,5,East Asia,"Southeast Asia, East Asia, and Oceania",1427750100,12753195000,8.932371989,2.562286,252029.69,2.689709316,-1.306971118,0.671320218,3.325360215,245498.34,593527940,0.415708561,7757656000,13.07041417,10.671596,143353.95,0.568797867,6.143860915,-0.06597526,1.033703411,5.176132763,159449.16,834222160,4995557400,5.988281827,2.4404564,108675.74,86049.18
2015,9,Southeast Asia,"Southeast Asia, East Asia, and Oceania",630210100,3287442400,5.216422904,1.40853,124765.375,24.81277889,1.334251997,24.40422223,-0.92569533,108091.9,234157440,0.371554566,2209132300,9.434388675,6.6054454,95290,0.763753565,25.07848744,6.678865698,18.18979226,0.209829481,95149.38,396052660,1078310700,2.722644761,1.3260615,29475.375,12942.52
2015,21,Oceania,"Southeast Asia, East Asia, and Oceania",9681741,10869428,1.122672875,0.70838654,252.8897,112.6955857,47.53768874,88.53367455,-23.37577757,92.29733,422355.03,0.043623872,1314684.2,3.112746639,3.436214,55.628742,0.219972352,30.26766595,30.14893418,17.29969061,-17.18095884,27.769506,9259385.97,9554745,1.031898339,0.706157,197.260958,64.527824
2015,32,Central Asia,"Central Europe, Eastern Europe, and Central Asia",89593736,604905860,6.751653486,1.1406041,18914.213,20.88757735,1.547511208,16.58636508,2.753701069,18427.262,20204740,0.225515096,260240300,12.88016079,10.975682,8435.273,0.445975363,22.58801891,5.57667895,13.65002773,3.361312231,9804.388,69388996,344665340,4.967146952,1.1241546,10478.94,8622.874
2015,42,Central Europe,"Central Europe, Eastern Europe, and Central Asia",116576340,861916800,7.393582609,4.3865614,25486.127,-37.1380461,-15.71079164,-22.68900376,1.261749309,21925.332,30118280,0.258356713,324804860,10.78430973,9.726291,10399.136,0.40803124,-35.46696447,-14.44284162,-22.44801911,1.423896262,11368.265,86458060,537111360,6.212391997,4.335697,15086.991,10557.067
2015,56,Eastern Europe,"Central Europe, Eastern Europe, and Central Asia",205262780,1913010700,9.319812876,1.0097909,41470.848,-37.56035044,-10.24371793,-12.80459568,-14.51203683,41114.2,86515740,0.421487714,1250474900,14.45372715,11.616164,27221.1,0.656391208,-35.2371879,-7.412717357,-12.48702556,-15.33744498,30984.324,118747040,662535200,5.579382863,0.994514,14249.748,10129.876
2015,65,High-income Asia Pacific,High-income,176338540,2389751600,13.55206638,4.586883,58929.684,-7.563182386,-12.26866837,13.44795644,-8.742470454,67928.64,125091890,0.709384857,2024681000,16.18554968,12.418483,50397.96,0.855221963,-8.511835208,-11.97356403,12.15438381,-8.692654989,60617.47,51246650,365071040,7.123803019,4.055003,8531.724,7311.17
2015,70,Australasia,High-income,24433646,126039990,5.158460182,0.6617971,4860.0674,-54.82206508,-4.751884406,-25.45215017,-24.61803051,2949.3184,13178140,0.539343985,88450360,6.711900162,6.234797,3613.7947,0.743568844,-55.6150823,-4.322665577,-26.81364464,-24.47877208,2514.2937,11255506,37589590,3.339662384,0.65617496,1246.2727,435.0247
2015,73,Western Europe,High-income,418192160,3753601800,8.975782329,3.5359597,108688.766,-21.63334009,3.97366356,-26.28188805,0.674884404,107519.98,172067740,0.411456159,2038133200,11.84494665,10.553533,66004.555,0.607280379,-19.52435961,7.020006914,-25.99653075,-0.547835771,74219.17,246124420,1715467500,6.969919929,3.441806,42684.211,33300.81
2015,96,Southern Latin America,High-income,63176304,617733500,9.777930346,1.9024022,34927.785,16.9772756,8.541152866,-3.922405675,12.35852841,35899.957,35101960,0.555619081,461740500,13.15426546,10.630406,26436.062,0.756877712,17.07407265,9.39395079,-4.633554675,12.31367653,30416.04,28074344,155992620,5.556411933,1.8817118,8491.723,5483.917
2015,100,High-income North America,High-income,357070820,3426256100,9.595452521,1.6355115,353193.12,-20.54335188,3.428060965,-51.26225151,27.29083867,360511.6,180794260,0.506326056,2252917800,12.46122416,11.281238,239288.9,0.677501589,-19.41607113,3.096061767,-49.67127802,27.15914513,274158.25,176276560,1173339400,6.65624176,1.5854269,113904.22,86353.35
2015,104,Caribbean,Latin America and Caribbean,43418144,230217040,5.302323379,1.2383505,16921.633,-7.147681956,59.85020954,-37.35836113,-29.63953037,13370.24,16812916,0.38723249,152825500,9.089767652,7.066377,12506.632,0.739091316,-2.8446603,3.930571666,-0.131127528,-0.954783838,11980.227,26605228,77391610,2.908887306,1.1903906,4415.001,1390.013
2015,120,Andean Latin America,Latin America and Caribbean,57170400,458239900,8.015334859,1.5696093,39904.59,-0.5987873,24.10640451,1.593887559,-26.29907937,39977.008,25434884,0.44489603,331059650,13.01596854,10.314032,30058.674,0.753263572,-0.76328156,27.43851695,-0.802519211,-27.39927929,33930.03,31735516,127180520,4.007513853,1.5519847,9845.916,6046.978
2015,124,Central Latin America,Latin America and Caribbean,251460050,1980391800,7.875572283,1.6443795,116864.086,2.244055183,6.054041455,-9.868658593,6.05867232,115571.46,123863810,0.492578483,1486438800,12.00059,9.551352,90659.31,0.775767074,-0.012506803,0.195576446,-0.418943246,0.235873604,100050.39,127596240,493953020,3.871219246,1.5931374,26204.776,15521.07
2015,134,Tropical Latin America,Latin America and Caribbean,207784670,1707871600,8.21943024,1.3210182,123476.836,-21.54319867,-9.249137996,1.621307027,-13.9153677,118746.16,113236776,0.544971754,1286112300,11.35772622,9.044368,94840.19,0.768080824,-22.40860265,-8.688304304,0.20102554,-13.92132388,103053.766,94547894,421760960,4.460818133,1.2967685,28636.646,15692.394
2015,138,North Africa and Middle East,North Africa and Middle East,541425200,4518211600,8.345033811,1.4506994,225408.55,22.80046906,12.19462308,10.609154,-0.003308017,229995.3,211505520,0.390645873,2860430600,13.52414159,10.881935,144526.1,0.641173993,29.2260116,19.77407229,11.21159974,-1.759660428,164679.48,329919680,1657783400,5.024809069,1.4068004,80882.45,65315.82
2015,159,South Asia,South Asia,1677387500,10331700000,6.159399662,3.2247527,154230.64,82.10034371,15.20427567,34.68533691,32.21073113,126396.055,513028060,0.305849459,5229384700,10.19317481,7.6286216,83383.87,0.540643999,66.85884493,14.93104101,24.27023801,27.6575659,86741.12,1164359440,5102310400,4.382075006,3.0625336,70846.77,39654.935
2015,167,Central Sub-Saharan Africa,Sub-Saharan Africa,126384090,343321900,2.716496198,0.52556217,9643.166,240.1421137,225.504231,51.70461605,-37.06673336,8939.962,29133784,0.230517813,245030370,8.410523329,4.6432095,8590.065,0.890793024,283.4547791,269.7681576,52.52432947,-38.83770797,8731.29,97250306,98291300,1.010704275,0.5188772,1053.101,208.672
2015,174,Eastern Sub-Saharan Africa,Sub-Saharan Africa,350590340,768168000,2.191070068,0.82746017,38313.29,79.80644332,56.75574714,32.75321457,-9.702518391,17257.5,53686944,0.153132981,326271550,6.077297862,4.411856,22037.426,0.575190123,89.84621092,69.2485935,30.5849024,-9.987284988,14393.999,296903396,441896480,1.488351046,0.816906,16275.864,2863.501
2015,192,Southern Sub-Saharan Africa,Sub-Saharan Africa,75681630,391416540,5.171883058,1.5758541,15351.45,16.402656,16.44354427,26.02738223,-26.06827049,11203.244,30146592,0.398334338,247172350,8.199014668,7.1632366,10496.691,0.683758928,17.7526321,22.51359033,21.55191505,-26.31287328,9426.182,45535038,144244110,3.167760835,1.557255,4854.759,1777.062
2015,199,Western Sub-Saharan Africa,Sub-Saharan Africa,390966460,1342972000,3.435005652,0.72628033,74445.19,91.07648281,67.147091,26.74372198,-2.814330169,51558.65,102577490,0.262369028,778834400,7.592644351,5.3937798,49787.25,0.668777257,88.81291289,68.88569542,22.92368181,-2.99646434,43173.758,288388970,564138430,1.956172006,0.7069732,24657.94,8384.892
2016,5,East Asia,"Southeast Asia, East Asia, and Oceania",1439059600,12084960000,8.397817575,2.4710112,295536.5,20.41659567,-0.935117536,-4.366582228,25.71829543,278449.4,600122000,0.417023729,7344245000,12.23791996,9.963679,168635.67,0.570608605,24.86325701,2.632892149,-4.546906735,26.77727159,183266.33,838937600,4740706300,5.65084495,2.3584445,126900.83,95183.07
2016,9,Southeast Asia,"Southeast Asia, East Asia, and Oceania",639759400,3296327200,5.152448249,1.4018312,125749.95,25.79772798,3.311950745,21.75012636,0.735650874,107470.445,239410640,0.374219808,2214101000,9.248131161,6.533709,96133.28,0.764479668,26.18538414,9.417916409,14.96488728,1.802580452,94705.06,400348760,1082223900,2.703202827,1.3203868,29616.67,12765.385
2016,21,Oceania,"Southeast Asia, East Asia, and Oceania",9937579,11162706,1.12328224,0.7114095,255.04187,114.5056913,47.66793954,91.44849536,-24.61074359,97.642624,429147.25,0.043184286,1378351.5,3.211838128,3.4816833,59.2555,0.232336361,38.76056517,31.65563357,24.952141,-17.8472094,32.707706,9508431.75,9784349,1.029018166,0.70914733,195.78637,64.934918
2016,32,Central Asia,"Central Europe, Eastern Europe, and Central Asia",90900810,649119600,7.140966071,1.1665857,21099.977,34.85758576,9.549461678,19.89983711,5.408286971,20962.47,21990260,0.241914896,285220670,12.97031822,11.172358,9555.038,0.452845896,38.86132423,16.70892747,16.21950385,5.932892906,11132.879,68910550,363898660,5.280739451,1.1498516,11544.939,9829.591
2016,42,Central Europe,"Central Europe, Eastern Europe, and Central Asia",117403340,850865700,7.247372179,4.3149915,24992.996,-38.35436187,-15.55951806,-24.98071434,2.185870529,20957.428,30342672,0.258448116,320418300,10.55998958,9.51083,10222.065,0.408997185,-36.56579894,-14.40980527,-24.60935172,2.453358044,11034.675,87060668,530447140,6.092844819,4.2654996,14770.931,9922.753
2016,56,Eastern Europe,"Central Europe, Eastern Europe, and Central Asia",204807600,1874953600,9.15470715,1.0146053,46162.605,-30.49631204,-4.775195448,-15.19450471,-10.52661188,45756.79,86220664,0.420983713,1215164000,14.09365161,11.456743,30261.977,0.655551761,-28.00251532,-1.616228562,-15.26518639,-11.12110037,34451.418,118586936,659789100,5.563758726,0.9995641,15900.628,11305.372
2016,65,High-income Asia Pacific,High-income,177209180,2318563000,13.08376349,4.5033293,57102.844,-10.42875478,-12.59060368,10.73132085,-8.569471956,65382.152,126177260,0.7120244,1962580100,15.55415057,11.959241,48845.938,0.855402894,-11.32924378,-12.04003027,9.150131196,-8.439344702,58431.152,51031920,355982880,6.975690509,3.9969637,8256.906,6951
2016,70,Australasia,High-income,24466760,126600590,5.174391297,0.66741586,4951.187,-53.97504075,-5.113314971,-25.35851389,-23.50321189,3013.1562,13197028,0.539386008,88692080,6.720610125,6.2653437,3670.0713,0.741250795,-54.92388856,-4.671489567,-26.92737892,-23.32502007,2558.8496,11269732,37908490,3.363743699,0.66176987,1281.1157,454.3066
2016,73,Western Europe,High-income,420385600,3733223200,8.880473546,3.5345829,106194.33,-23.43187571,4.325161176,-28.13320864,0.376171747,103848,172964180,0.411441733,2022672300,11.6941687,10.372666,64177.145,0.604336832,-21.75241781,7.486598959,-28.10645436,-1.132562408,71608.24,247421420,1710552600,6.913518644,3.4427974,42017.185,32239.76
2016,96,Southern Latin America,High-income,64039424,619704800,9.676926513,1.91527,35075.58,17.4722585,9.659378695,-5.642582765,13.45546257,35840,35836610,0.559602316,462045400,12.89311126,10.503671,26458.656,0.754332672,17.17413186,10.7810959,-6.994301753,13.38733772,30263.822,28202814,157659580,5.590207417,1.8949125,8616.924,5576.178
2016,100,High-income North America,High-income,360933200,3416502500,9.465747401,1.6502475,344778.72,-22.43631067,2.934249675,-51.57609758,26.20553723,349279.78,182735410,0.506285955,2235024100,12.2309305,11.119555,232622.94,0.674702139,-21.66092764,2.635611649,-50.30732758,26.01078828,264849.94,178197790,1181480100,6.63016135,1.6010731,112155.78,84429.84
2016,104,Caribbean,Latin America and Caribbean,44159464,232884830,5.27372411,1.2322186,17311.602,-5.007845593,7.970625376,-4.251695673,1.28891589,13566.215,17249446,0.390617196,154672780,8.966825949,7.01206,12797.174,0.739225289,-0.587641247,0.551642827,-0.035859942,0.071858362,12156.486,26910018,78211960,2.906425406,1.1846555,4514.428,1409.729
2016,120,Andean Latin America,Latin America and Caribbean,58378240,463211000,7.934651678,1.5676702,40571.03,1.061296018,13.58176444,-0.281192142,-12.23927628,40413.273,26091578,0.446940127,334641400,12.82564818,10.207655,30519.996,0.752260813,0.759742423,13.14922155,-1.227051853,-11.16242728,34267.35,32286662,128569656,3.982129091,1.5502834,10051.034,6145.923
2016,124,Central Latin America,Latin America and Caribbean,257106050,1992793700,7.750862728,1.6494663,118115.14,3.338598756,5.976657091,-10.25254748,7.614489146,116109.38,125657920,0.488739647,1479830400,11.77665841,9.476758,90634.13,0.767337109,-0.040277642,0.40437869,-1.02721159,0.663110543,99557.04,131448130,512963600,3.902403176,1.598739,27481.01,16552.34
2016,134,Tropical Latin America,Latin America and Caribbean,210544000,1698558200,8.067473782,1.3197796,127608.09,-18.9182126,-9.351350334,-0.059049287,-9.507812977,121394.6,114843050,0.545458669,1272322800,11.07879667,8.89387,97525.4,0.764257188,-20.21175766,-8.749356077,-1.933545573,-9.528856008,104953.96,95700950,426234600,4.453817857,1.2960001,30082.69,16440.64
2016,138,North Africa and Middle East,North Africa and Middle East,552757900,4674023400,8.455823788,1.4662976,237067.47,29.1521396,14.6475306,12.44472165,2.059887349,242833.33,215999460,0.390766844,2957928000,13.69414535,10.995911,152268.61,0.642300734,36.14886974,22.27576644,13.10391446,0.769188841,173829.9,336758440,1716095100,5.09592306,1.4219395,84798.86,69003.43
2016,159,South Asia,South Asia,1708196000,10861045000,6.358196015,3.314736,170671.92,101.5125872,18.50353487,41.71256336,41.29648898,143753.27,527746270,0.308949482,5518681000,10.45707249,7.7930717,91733.7,0.537485604,83.56762792,18.50158426,29.44668613,35.61935754,96750.305,1180449730,5342365000,4.525703098,3.149784,78938.22,47002.965
2016,167,Central Sub-Saharan Africa,Sub-Saharan Africa,132580070,363565300,2.742231921,0.5277602,10466.96,269.19969,257.8248052,50.16254675,-38.78766194,9796.32,31185602,0.23522089,260761490,8.361598728,4.632891,9378.506,0.896010494,318.6502601,309.3441459,49.96696544,-40.6608512,9571.272,101394468,102803960,1.013901074,0.5210948,1088.454,225.048
2016,174,Eastern Sub-Saharan Africa,Sub-Saharan Africa,361612500,795126500,2.19883577,0.825284,40294.973,89.10659405,62.7976431,33.42184049,-7.11288954,18241.361,55928850,0.154665146,340136300,6.081589377,4.407833,23253.254,0.577075805,100.3202263,76.24905263,31.40904228,-7.337868614,15222.722,305683650,454990370,1.488435414,0.8147341,17041.719,3018.639
2016,192,Southern Sub-Saharan Africa,Sub-Saharan Africa,76828290,403644580,5.253853496,1.5852631,17845.297,35.3122974,20.68620633,28.22843835,-13.60234727,13363.101,30796940,0.400854165,256703490,8.335357019,7.2717433,12303.645,0.689461487,38.0231716,27.65147851,24.33298647,-13.96129338,11225.98,46031350,146941170,3.192197709,1.5663326,5541.652,2137.121
2016,199,Western Sub-Saharan Africa,Sub-Saharan Africa,403731740,1412879500,3.499550221,0.7293289,77617.84,99.21963891,73.38836206,29.87474241,-4.043465554,54546.76,106626400,0.264102099,827369660,7.759519781,5.495094,52289.152,0.673674403,98.30111327,75.56777767,26.9233544,-4.190018792,45923.43,297105340,585509100,1.970712139,0.7096151,25328.688,8623.33
2017,5,East Asia,"Southeast Asia, East Asia, and Oceania",1450682800,11918311000,8.215656103,2.4317043,338962.2,38.11043368,0.39341438,-8.227844837,45.94486414,315044.94,607606340,0.418841624,7274629000,11.9726022,9.701614,194785.67,0.574653073,44.22555545,5.114126511,-8.009488449,47.12091739,209835.16,843076460,4643687000,5.508025927,2.3224814,144176.53,105209.78
2017,9,Southeast Asia,"Southeast Asia, East Asia, and Oceania",649789500,3410237400,5.248218692,1.4057074,131265.25,31.31512348,5.507763294,23.0293916,2.777968588,112799.47,245311980,0.377525306,2307775500,9.407512426,6.635842,100816.14,0.768033733,32.33214714,12.36616804,16.14991052,3.816068574,99342.32,404477520,1102460800,2.725641712,1.3226941,30449.11,13457.15
2017,21,Oceania,"Southeast Asia, East Asia, and Oceania",10215349,11356412,1.111700834,0.7107943,255.36249,114.7753522,51.24612026,88.68841278,-25.15918085,103.38096,442311.12,0.043298679,1433367.2,3.240631165,3.406042,60.62478,0.237406755,41.96705345,35.14532659,23.16752491,-16.34579805,33.89342,9773037.88,9923047,1.015349283,0.70859325,194.73771,69.48754
2017,32,Central Asia,"Central Europe, Eastern Europe, and Central Asia",92237144,662685950,7.184588781,1.166453,22114.37,41.34093837,10.66281928,22.49918541,8.178933679,22182.664,22208916,0.240780612,293312420,13.20696697,11.364678,10085.88,0.456078107,46.57593751,18.69601997,19.16361476,8.716302789,11811.646,70028228,369373470,5.274636822,1.1493955,12028.49,10371.018
2017,42,Central Europe,"Central Europe, Eastern Europe, and Central Asia",118771410,840544200,7.076991003,4.2328653,24603.145,-39.31593581,-14.90620657,-27.45997045,3.050241212,20103.453,30672372,0.258247098,316217300,10.30951568,9.278665,10145.139,0.412351307,-37.04317209,-13.51513833,-26.84219009,3.314156326,10812.837,88099038,524326750,5.951560447,4.184802,14458.006,9290.616
2017,56,Eastern Europe,"Central Europe, Eastern Europe, and Central Asia",204365300,1826878800,8.939280788,1.0013181,51252.766,-22.83242562,2.277563384,-19.5464847,-5.563504297,50752.41,86649190,0.423991695,1182101100,13.64237912,11.162428,33788.254,0.659247425,-19.61300811,6.635382113,-20.19065602,-6.057734203,38457.926,117716110,644775300,5.477375187,0.9866829,17464.512,12294.484
2017,65,High-income Asia Pacific,High-income,177902020,2202374700,12.37970598,4.299647,54140.445,-15.07555954,-13.27639603,6.34789945,-8.147062965,61195.78,126525920,0.711211261,1860011100,14.70063288,11.340449,46317.42,0.855504974,-15.91930003,-12.72895518,4.705966474,-7.896311323,54894.312,51376100,342363700,6.663870944,3.8214722,7823.025,6301.468
2017,70,Australasia,High-income,24499354,127938000,5.222096877,0.6677005,5131.953,-52.29468656,-5.108206551,-24.72098419,-22.46549582,3175.339,13215254,0.539412345,89895520,6.802405765,6.340914,3819.8867,0.744333921,-53.08384375,-4.669234719,-26.0847311,-22.32987793,2716.2266,11284100,38042524,3.371338786,0.66197824,1312.0663,459.1124
2017,73,Western Europe,High-income,422685900,3611919400,8.545161786,3.4667134,99557.42,-28.21721359,3.394412856,-31.68133754,0.069711087,93961.6,173929650,0.411486756,1944998400,11.18267299,9.920788,59014.94,0.592772894,-28.04640393,5.365589026,-31.67209851,-1.739894447,64423.758,248756250,1666919000,6.701013542,3.3801162,40542.48,29537.842
2017,96,Southern Latin America,High-income,64956148,607392640,9.350810642,1.9232926,34282.094,14.81478021,9.778324391,-9.337556725,14.37401254,34485.902,36139650,0.556369968,448124030,12.39978887,10.220325,25627.906,0.747559528,13.49509352,10.89103149,-11.73078172,14.33484374,28974.945,28816498,159267970,5.526971737,1.9036305,8654.188,5510.957
2017,100,High-income North America,High-income,364894400,3337831000,9.147388943,1.6190498,332092.47,-25.29029294,3.077718769,-53.86477848,25.49676677,330256.28,184721920,0.506233913,2174039000,11.76925294,10.738624,223876.33,0.674138531,-24.60647254,2.786684349,-52.74241837,25.34926148,251546.83,180172480,1163793400,6.459329416,1.571683,108216.14,78709.45
2017,104,Caribbean,Latin America and Caribbean,44964052,234330930,5.211517192,1.2307541,17568.732,-3.596922868,3.721894052,-2.476085022,2.351113838,13650.392,17678170,0.393162298,156279870,8.840274191,6.908085,13064.967,0.74364883,1.492656621,1.175109109,-0.193869714,0.511417226,12300.655,27285882,78051060,2.86049247,1.1840345,4503.765,1349.737
2017,120,Andean Latin America,Latin America and Caribbean,59644744,469039940,7.863893925,1.5803055,41193.312,2.611382999,14.71076147,-0.703420696,-11.39595778,40874.33,26399196,0.442607248,336356130,12.74115053,10.190809,30773.238,0.74704452,1.595804089,14.34784876,-1.934568431,-10.81747624,34513.85,33245548,132683816,3.991025084,1.5629759,10420.074,6360.48
2017,124,Central Latin America,Latin America and Caribbean,263084500,2030411300,7.717715411,1.6453793,120601.7,5.514083001,7.020191212,-10.80013072,9.294022505,118345.58,129109380,0.490752515,1508383100,11.68298616,9.392272,92571.65,0.767581634,2.096599065,4.750228991,-10.34435829,7.690728367,101350.08,133975120,522027200,3.896448833,1.5951558,28030.05,16995.5
2017,134,Tropical Latin America,Latin America and Caribbean,213369010,1712887600,8.027818098,1.3220887,133366.3,-15.2594637,-9.769304732,-0.383926769,-5.106232196,126614.71,116450550,0.545770682,1281033500,11.00066509,8.857298,101806.05,0.763356635,-16.70963883,-9.127425809,-2.432335014,-5.149878007,109323.06,96918460,431853300,4.455841539,1.2984337,31560.25,17291.65
2017,138,North Africa and Middle East,North Africa and Middle East,564591600,4695690000,8.316967521,1.4453874,243261.81,32.52675807,17.98102173,10.60068157,3.945054775,247572.72,222030850,0.393259216,2979572500,13.4196329,10.7594385,158050.06,0.649711765,41.31827322,26.73216731,11.39838953,3.187716385,179662.55,342560750,1716115000,5.009666169,1.4020321,85211.75,67910.17
2017,159,South Asia,South Asia,1739865100,11508179000,6.614408784,3.420633,188417.84,122.4652211,20.08899788,51.4386224,50.93760079,163747.81,539399200,0.310023576,5891485700,10.92231079,8.105331,101075.53,0.536443524,102.2614948,20.83178501,37.38672848,44.04298128,108731.58,1200465900,5616695300,4.678762887,3.2480786,87342.31,55016.23
2017,167,Central Sub-Saharan Africa,Sub-Saharan Africa,139327340,378814200,2.718879152,0.5288779,10625.402,274.7883937,281.233999,33.20748866,-39.653094,9623.248,32981668,0.236720718,271944900,8.245334954,4.5251565,9540.585,0.897903439,325.8853587,336.0120151,31.3876915,-41.51434793,9432.076,106345672,106869340,1.004924206,0.5223893,1084.817,191.172
2017,174,Eastern Sub-Saharan Africa,Sub-Saharan Africa,373155100,810980860,2.173307721,0.8177946,41291.105,93.78149804,66.65061901,30.99367854,-3.862799507,18282.977,57737544,0.154728005,346083460,5.994080039,4.353197,23844.611,0.57747573,105.4146001,81.04901364,28.31473263,-3.949146168,15197.101,315417556,464897000,1.473909715,0.8073826,17446.494,3085.876
2017,192,Southern Sub-Saharan Africa,Sub-Saharan Africa,78002850,408807400,5.240929017,1.5638826,19546.555,48.21211793,26.418573,27.5750436,-5.781498671,14700.646,31451824,0.40321378,262289860,8.339416499,7.239407,13650.507,0.698358713,53.13236607,34.39008806,24.7856382,-6.043360198,12488.108,46551026,146517490,3.147459951,1.5449884,5896.048,2212.538
2017,199,Western Sub-Saharan Africa,Sub-Saharan Africa,417020770,1459225500,3.49916744,0.7265025,79633.86,104.3941037,79.4209093,29.61198531,-4.638790956,55921.93,110461900,0.264883449,855703900,7.746597696,5.4868007,53682.188,0.674112595,103.5840559,81.39993825,26.9241008,-4.739983152,47127.258,306558870,603520900,1.968694952,0.7068125,25951.672,8794.672
2018,5,East Asia,"Southeast Asia, East Asia, and Oceania",1462614100,11691838000,7.993795493,2.399117,308962.28,25.88694103,-0.661434417,-10.72891591,37.27729135,281578.94,615649150,0.420923845,7146682000,11.60836818,9.390704,178960.53,0.579230999,32.50811439,4.074639626,-10.79986013,39.23333489,190757.05,846964950,4545158000,5.366406249,2.294073,130001.75,90821.89
2018,9,Southeast Asia,"Southeast Asia, East Asia, and Oceania",660561100,3450017800,5.222859475,1.3820553,132483.94,32.53427652,6.902257596,21.66146902,3.9705499,113833.484,249686500,0.377991529,2338911200,9.367391509,6.599587,101861.13,0.768856436,33.70381015,13.89320583,14.93412713,4.876477191,100354.47,410874600,1111105900,2.704245772,1.299252,30622.81,13479.014
2018,21,Oceania,"Southeast Asia, East Asia, and Oceania",10503280,11715196,1.115384527,0.715818,259.5328,118.282836,54.19750948,89.02361542,-24.9382889,112.51478,445551.5,0.042420225,1413120.9,3.171621911,3.3916726,58.117966,0.223933029,36.09676416,31.97374729,19.13065768,-15.00764082,32.234024,10057728.5,10302076,1.024294501,0.71363306,201.414834,80.280756
2018,32,Central Asia,"Central Europe, Eastern Europe, and Central Asia",93611870,666843650,7.123494595,1.148254,22274.809,42.36636206,10.82222472,22.40258796,9.141549374,22218.625,21794438,0.232817035,290462370,13.32736224,11.343625,9985.584,0.448290443,45.11835719,15.7714227,19.65968425,9.687250244,11732.081,71817432,376381470,5.240809362,1.1312009,12289.225,10486.544
2018,42,Central Europe,"Central Europe, Eastern Europe, and Central Asia",120950800,833645950,6.892438496,4.1343794,24129.227,-40.4848624,-13.50457971,-30.18425117,3.203968483,19068.555,31390434,0.259530603,311729800,9.930726029,8.957566,9903.67,0.410442904,-38.54163577,-12.31973906,-29.7207103,3.498813585,10330.048,89560366,521916220,5.827535586,4.088439,14225.557,8738.507
2018,56,Eastern Europe,"Central Europe, Eastern Europe, and Central Asia",203967540,1774807800,8.701422785,0.97820485,50479.58,-23.99655573,3.030334061,-21.83253756,-5.194352225,49350.574,86398850,0.423591175,1142932000,13.2285557,10.860359,33203.723,0.657765437,-21.00368929,7.253797875,-22.6306354,-5.626851756,37522.973,117568690,631878300,5.374545723,0.96397185,17275.857,11827.601
2018,65,High-income Asia Pacific,High-income,178488430,2107535400,11.80768636,4.1858206,52898.19,-17.02415473,-13.19118451,2.151608991,-5.984579213,59189.684,127933450,0.716760465,1780074900,13.91406939,10.815241,45355.21,0.857405707,-17.66601413,-12.26540706,0.392460632,-5.793067697,53297.76,50554980,327460320,6.477310841,3.7355857,7542.98,5891.924
2018,70,Australasia,High-income,24532860,127739790,5.206885377,0.66302514,5146.261,-52.16168308,-4.851593558,-25.03940662,-22.2706829,3178.662,13234676,0.53946731,89761740,6.782314883,6.332581,3833.0896,0.744830004,-52.92168466,-4.418059752,-26.33716115,-22.16646376,2727.2544,11298184,37978060,3.361430474,0.65730596,1313.1714,451.4076
2018,73,Western Europe,High-income,424995000,3453323000,8.125561477,3.3394263,94390.984,-31.94231185,3.523360552,-36.46918368,1.003511279,85630.945,175223520,0.412295486,1857288000,10.59953595,9.399615,56032.45,0.593620785,-31.68278619,5.507734292,-36.32019128,-0.870329197,59584.33,249771480,1596035000,6.389980954,3.2581174,38358.534,26046.615
2018,96,Southern Latin America,High-income,65921652,604275600,9.166572464,1.9388338,33826.043,13.28741157,11.47542588,-12.62135015,14.43333584,33606.457,36793176,0.558134921,440778940,11.97991008,10.00678,24975.584,0.7383537,10.60623688,12.53450238,-16.63732927,14.70906376,27849.615,29128476,163496340,5.612938349,1.919709,8850.459,5756.842
2018,100,High-income North America,High-income,368954240,3251584000,8.812973663,1.5831625,322463.06,-27.45658837,3.665800095,-56.7285488,25.60616034,313268.12,186754740,0.506173177,2106304500,11.27845269,10.353204,216858.9,0.672507728,-26.96969156,3.407373575,-55.83531033,25.45824519,239445.92,182199500,1145279200,6.285852596,1.5376152,105604.16,73822.2
2018,104,Caribbean,Latin America and Caribbean,45817984,236347660,5.158403739,1.2346442,17506.363,-3.9391538,4.325386916,-2.961856557,2.575623441,13507.816,17994644,0.392741942,157509040,8.753106758,6.827117,13013.107,0.743335837,1.089792291,0.914085931,-0.207862611,0.383568971,12172.574,27823340,78838730,2.833546584,1.188623,4493.256,1335.242
2018,120,Andean Latin America,Latin America and Caribbean,60935948,471895550,7.744124207,1.6093167,41153.293,2.511696795,17.16717068,-2.752166372,-11.90330751,40564.473,27067446,0.444195042,337204300,12.45792824,10.036111,30689.297,0.745731259,1.318678445,17.24537841,-4.30165037,-11.62504959,34175.707,33868502,134691330,3.976890681,1.5923549,10463.996,6388.766
2018,124,Central Latin America,Latin America and Caribbean,269536060,1998334000,7.413976445,1.6316925,116839.4,2.222457472,5.603938995,-10.77413451,7.392652983,112280.47,131673140,0.488517714,1471275500,11.17369495,9.099247,89145.24,0.762972422,-1.682363587,28.94732392,-78.83534307,48.20565556,95795.53,137862920,527059040,3.823065985,1.5832865,27694.16,16484.94
2018,134,Tropical Latin America,Latin America and Caribbean,216276350,1723330000,7.968185148,1.3329455,135942.56,-13.62251603,-10.20581527,-1.056471899,-2.36022886,128496.99,118128570,0.54619273,1284318700,10.87221068,8.796485,103359.72,0.760319064,-15.43853819,-9.515704937,-3.517106516,-2.405726736,110476.375,98147780,439011940,4.472968619,1.3095127,32582.84,18020.615
2018,138,North Africa and Middle East,North Africa and Middle East,577074900,4699609000,8.143845799,1.4270806,242785.55,32.26729608,19.62686382,8.07360911,4.566823147,245186.45,227286980,0.39386045,2975331000,13.09063546,10.519969,157601.3,0.649137891,40.91702068,28.6268016,8.370917461,3.919301613,178031.69,349787920,1724271700,4.929477553,1.3847564,85184.25,67154.76
2018,159,South Asia,South Asia,1772471400,11453615000,6.461946297,3.3674583,182468.02,115.4402598,20.08630786,46.40531111,48.94864088,155557.42,548772350,0.309608578,5828478000,10.62093963,7.93585,97470.8,0.534180181,95.04809626,20.50901855,32.5671986,41.97187912,103532.89,1223699050,5625138700,4.596831795,3.1991913,84997.22,52024.53
2018,167,Central Sub-Saharan Africa,Sub-Saharan Africa,146744340,391765980,2.669717824,0.53447765,10368.305,265.7198453,303.2307389,4.261363856,-41.77225746,8607.729,34889484,0.237756932,278956450,7.995430658,4.4343634,9245.822,0.891739007,312.7273347,357.4640573,-1.960972495,-42.77575002,8428.132,111854856,112809480,1.008534489,0.52814543,1122.483,179.597
2018,174,Eastern Sub-Saharan Africa,Sub-Saharan Africa,385208830,839748860,2.179983413,0.8168387,42943.49,101.5362346,72.06739607,32.48000957,-3.011171061,18979.252,59857452,0.155389616,357180600,5.967186843,4.34416,24618.084,0.573266961,112.0778519,86.87439797,28.37778923,-3.174335305,15676.434,325351378,482568400,1.483222241,0.80645186,18325.406,3302.818
2018,192,Southern Sub-Saharan Africa,Sub-Saharan Africa,79210210,405034080,5.113407476,1.5281252,19224.406,45.76941712,27.99162767,22.49920714,-4.721417681,14012.465,32121706,0.405524818,259751360,8.08647461,7.027196,13456.248,0.699956503,50.95315468,36.2542332,19.6737964,-4.974874919,11980.23,47088504,145282780,3.085313137,1.5098196,5768.158,2032.235
2018,199,Western Sub-Saharan Africa,Sub-Saharan Africa,430828900,1484556900,3.445815497,0.71461195,80623.78,106.9349049,84.35119865,26.03084332,-3.447137066,56246.945,115187200,0.267361823,877195460,7.615390078,5.3668365,54842.547,0.68022793,107.9845954,87.64257509,23.89553526,-3.553514904,47570.64,315641700,607361800,1.924212802,0.69536877,25781.233,8676.305
2019,5,East Asia,"Southeast Asia, East Asia, and Oceania",1474779400,11402632000,7.731754322,2.3742065,234542.42,-4.435493564,-9.139221453,-29.35208025,34.05580813,208032.88,624044800,0.423144506,6969358300,11.16804162,9.058494,137339.39,0.585563115,1.690487847,0.090712354,-8.175526932,9.775302425,144015.23,850734600,4433273000,5.211111667,2.2737782,97203.03,64017.65
2019,9,Southeast Asia,"Southeast Asia, East Asia, and Oceania",671683100,3517362200,5.236639421,1.3838915,134718.94,34.77012569,7.841685044,21.68143461,5.247006038,116562.41,255077230,0.379758297,2390343200,9.371056758,6.572187,103460.67,0.767974199,35.80338035,15.72785561,14.18024161,5.895283124,102004.53,416605870,1127019300,2.705241047,1.3015926,31258.27,14557.88
2019,21,Oceania,"Southeast Asia, East Asia, and Oceania",10802080,12276975,1.136538056,0.7163427,285.0095,139.7102869,62.00410659,103.7661933,-26.06001301,128.22778,458265.2,0.042423792,1453022,3.170701157,3.446292,58.87776,0.206581746,37.87599891,36.89438055,17.38576397,-16.40414561,31.745516,10343814.8,10823952,1.046417807,0.71411526,226.13174,96.482264
2019,32,Central Asia,"Central Europe, Eastern Europe, and Central Asia",95036376,692313000,7.284715907,1.1530626,23145.121,47.92884088,12.28781859,25.8822631,9.758759181,23430.86,22646662,0.238294672,311342080,13.74781325,11.542434,10687.771,0.461772094,55.32309072,20.53554577,24.34004469,10.44750026,12651.588,72389714,380970880,5.262776422,1.135688,12457.35,10779.272
2019,42,Central Europe,"Central Europe, Eastern Europe, and Central Asia",124381440,859157250,6.907439325,4.158662,24804.984,-38.81809658,-11.99578941,-29.91909296,3.096785803,19701.771,32108382,0.258144479,315749920,9.833878269,8.921458,9953.859,0.401284637,-38.23018215,-11.30916805,-30.31330655,3.392292444,10305,92273058,543407360,5.889122695,4.1132936,14851.125,9396.771
2019,56,Eastern Europe,"Central Europe, Eastern Europe, and Central Asia",203578000,1801319700,8.848302371,0.9701533,51927.72,-21.81619631,4.091793276,-20.39163825,-5.51635133,51344.168,86843650,0.426586615,1165404200,13.41956723,10.978037,34271.88,0.659992004,-18.46239407,9.076122766,-21.50810842,-6.030408417,38999.945,116734350,635912260,5.447516177,0.9557374,17655.84,12344.223
2019,65,High-income Asia Pacific,High-income,179043230,1999820700,11.16948516,4.123535,52823.65,-17.14107782,-13.12822202,-2.60312669,-1.409729109,58087.992,128622680,0.718388961,1681843300,13.07579114,10.306858,45112.133,0.854013931,-18.10727541,-12.10606197,-4.715033113,-1.286180334,52311.766,50420550,317977500,6.306505978,3.7035966,7711.517,5776.226
2019,70,Australasia,High-income,24565696,122390600,4.982175144,0.64665705,4848.4272,-54.93026938,-4.523274302,-28.70078856,-21.70620652,2794.2893,13253252,0.539502402,85159490,6.425554272,5.9993143,3583.8982,0.739187793,-55.98227352,-4.077331625,-30.34776812,-21.55717377,2367.6912,11312444,37231160,3.291168557,0.64125794,1264.529,426.5981
2019,73,Western Europe,High-income,427408700,3327748900,7.78587076,3.21754,92920.84,-33.00231353,3.949831481,-39.01994502,2.067800007,82256.43,176386400,0.412687903,1796804200,10.18675023,9.030307,55573.62,0.598074877,-32.24221179,5.809430478,-38.20061742,0.148975152,58321.734,251022300,1530943700,6.098835442,3.1397097,37347.22,23934.696
2019,96,Southern Latin America,High-income,66915680,591758140,8.843340455,1.9317261,32374.623,8.426434629,12.99875883,-19.79214681,15.21982261,31416.506,37092610,0.554318659,427118500,11.51492171,9.715115,23667.9,0.731063339,4.815060732,19.15331998,-35.5214664,21.18320715,25848.643,29823070,164639550,5.520543324,1.9132826,8706.723,5567.863
2019,100,High-income North America,High-income,373115650,3201179600,8.579590805,1.5615544,318041.97,-28.45118586,4.30893732,-58.98261064,26.22248746,302240.9,188831220,0.506093004,2061659300,10.91800021,10.070831,213000.67,0.669725037,-28.2690052,4.066919068,-58.37435847,26.0384342,230846.8,184284430,1139519900,6.18348441,1.5173801,105041.3,71394.1
2019,104,Caribbean,Latin America and Caribbean,46737750,245751150,5.258086878,1.2378467,18026.742,-1.083732198,0.81912187,-0.073244633,0.337854961,14198.068,18490350,0.395619173,165146140,8.93147723,6.896302,13465.34,0.746964704,4.602876448,3.195471673,0.417509237,0.989895538,12785.72,28247400,80604984,2.853536396,1.1912825,4561.402,1412.348
2019,120,Andean Latin America,Latin America and Caribbean,62281624,475514370,7.634906405,1.6603873,41122.918,2.436033523,20.09866752,-5.059252569,-12.60338143,40397.684,27788152,0.446169355,338384930,12.1773096,9.916678,30619.555,0.744586145,1.088429858,24.58253314,-8.543939245,-14.95016404,33876.18,34493472,137129600,3.975523253,1.6437773,10503.363,6521.504
2019,124,Central Latin America,Latin America and Caribbean,276490620,1980736800,7.16384809,1.6332052,114237.414,-0.05401265,0.327237426,-0.601703141,0.328478365,107677.5,136307140,0.492990106,1448307000,10.62532014,8.770247,86737.266,0.759271967,-4.338100587,20.91064843,-49.01799085,23.76924184,91404.64,140183480,532430000,3.798093755,1.5869777,27500.148,16272.86
2019,134,Tropical Latin America,Latin America and Caribbean,219256740,1694714500,7.729361022,1.3479562,136806.7,-13.07344413,-10.60513142,-4.302227528,1.833914811,126865.266,119829940,0.546527965,1250440200,10.43512331,8.568308,102962.63,0.752613944,-15.76340856,-9.781987979,-7.744872841,1.763452258,107908.93,99426800,444274620,4.468358833,1.3252877,33844.07,18956.336
2019,138,North Africa and Middle East,North Africa and Middle East,590011650,4723054600,8.005019223,1.4163684,242331.31,32.01983038,21.45590779,5.768451546,4.795471047,242879.9,234265570,0.397052448,2999090200,12.8020955,10.302082,157625.42,0.650454207,40.93858724,31.00652245,5.812701802,4.119362986,176795.62,355746080,1723966000,4.846057615,1.3750093,84705.89,66084.28
2019,159,South Asia,South Asia,1806053600,11237497000,6.22212818,3.2777207,169830.77,100.5194402,19.94173818,37.79442443,42.78327755,139996,560596160,0.310398407,5681640000,10.13499629,7.6206913,90379.086,0.532171443,80.85691988,20.18187728,24.54112036,36.13392224,93570.5,1245457440,5555850000,4.460891092,3.1177952,79451.684,46425.5
2019,167,Central Sub-Saharan Africa,Sub-Saharan Africa,154805140,395733060,2.556330236,0.5391758,9936.543,250.4903616,336.7622699,-39.38690437,-46.88500387,6962.313,37706650,0.243574923,277878700,7.369487875,4.3368096,8658.34,0.871363411,286.5025296,384.2602577,-52.60781255,-45.14991552,6716.49,117098490,117854580,1.006456872,0.5330093,1278.203,245.823
2019,174,Eastern Sub-Saharan Africa,Sub-Saharan Africa,397866050,877903700,2.206530816,0.82760143,45573.676,113.8798467,78.98475288,36.91393805,-2.018844264,20796.11,62451536,0.156966235,371544740,5.949329093,4.3907084,25708.785,0.564114797,121.4739335,94.39920539,29.25596907,-2.18124101,16758.047,335414514,506359140,1.509651845,0.8171096,19864.891,4038.063
2019,192,Southern Sub-Saharan Africa,Sub-Saharan Africa,80449570,388178560,4.825116654,1.463214,17762.023,34.68087075,28.65037948,11.18823112,-5.157739849,11851.613,32879466,0.408696603,247883410,7.539155593,6.5820775,12462.463,0.701635337,39.80480331,36.95917499,8.318553685,-5.472925366,10275.4375,47570104,140295060,2.949227523,1.4461728,5299.56,1576.1755
2019,199,Western Sub-Saharan Africa,Sub-Saharan Africa,445173730,1521177700,3.417042825,0.713255,83049.41,113.1607047,89.52885909,25.18862297,-1.556777357,58384.63,118474776,0.266131553,895118800,7.555353386,5.2636147,56061.547,0.675038474,112.6075248,91.90653821,22.24110116,-1.540114543,48652.176,326698954,626060000,1.916320797,0.6944326,26987.863,9732.454
